game_key,lineup_spot,player_name,pa,ab,h,1b,2b,3b,hr,rbi,r,bb,so,sf,fc,gidp,outs,notes
soviet-sluggers-2021-05-26-1830-balls-deep,1,Layshock,4,4,3,3,0,0,0,0,1,0,0,0,0,1,,
soviet-sluggers-2021-05-26-1830-balls-deep,2,Porter,4,4,3,2,1,0,0,0,1,0,0,0,0,1,,
soviet-sluggers-2021-05-26-1830-balls-deep,3,JJ,3,3,2,2,0,0,0,0,0,0,1,0,0,0,,
soviet-sluggers-2021-05-26-1830-balls-deep,4,Stevie,4,4,2,2,0,0,0,0,1,0,0,0,0,2,,
soviet-sluggers-2021-05-26-1830-balls-deep,5,Duff,4,4,2,2,0,0,0,0,1,0,0,0,0,2,,
soviet-sluggers-2021-05-26-1830-balls-deep,6,Corey,2,2,1,1,0,0,0,1,0,0,0,0,0,1,,
soviet-sluggers-2021-05-26-1830-balls-deep,7,Teo,4,2,1,0,0,0,1,4,1,1,0,1,0,0,1,
soviet-sluggers-2021-05-26-1830-balls-deep,8,Glove,3,2,1,1,0,0,0,1,0,1,0,0,0,1,,
soviet-sluggers-2021-05-26-1830-balls-deep,9,Tim,4,3,1,1,0,0,0,0,0,1,0,0,0,2,,
soviet-sluggers-2021-05-26-1830-balls-deep,10,Nick,3,3,1,1,0,0,0,0,1,0,0,0,0,2,,
soviet-sluggers-2021-05-26-1830-balls-deep,11,Jason,3,2,0,0,0,0,0,0,0,1,0,0,0,2,,
soviet-sluggers-2021-05-26-1930-balls-deep,1,Tim,3,3,3,2,1,0,0,1,2,0,0,0,0,0,,
soviet-sluggers-2021-05-26-1930-balls-deep,2,Corey,2,2,2,2,0,0,0,1,2,0,0,0,0,0,,
soviet-sluggers-2021-05-26-1930-balls-deep,3,Teo,3,3,2,1,0,1,0,0,2,0,0,0,0,0,,
soviet-sluggers-2021-05-26-1930-balls-deep,4,Glove,3,3,2,2,0,0,0,0,1,0,0,0,0,0,,
soviet-sluggers-2021-05-26-1930-balls-deep,5,Nick,2,2,2,0,2,0,0,2,1,0,0,0,0,0,,
soviet-sluggers-2021-05-26-1930-balls-deep,6,Layshock,3,3,1,0,1,0,0,3,0,0,0,0,0,0,,
soviet-sluggers-2021-05-26-1930-balls-deep,7,JJ,3,3,1,1,0,0,0,0,1,0,0,0,0,0,,
soviet-sluggers-2021-05-26-1930-balls-deep,8,Stevie,3,2,1,0,1,0,0,1,1,1,0,0,0,0,,
soviet-sluggers-2021-05-26-1930-balls-deep,9,Duff,3,3,1,1,0,0,0,1,0,0,0,0,0,0,,
soviet-sluggers-2021-05-26-1930-balls-deep,10,Porter,3,3,0,0,0,0,0,0,0,0,0,0,0,0,,
soviet-sluggers-2021-05-26-1930-balls-deep,11,Jason,2,2,0,0,0,0,0,1,0,0,0,0,0,0,,
soviet-sluggers-2021-05-26-1930-balls-deep,12,AJ,3,3,0,0,0,0,0,0,0,0,0,0,0,0,,
soviet-sluggers-2021-06-02-2030-long-ballers,1,JJ,4,4,4,2,1,1,0,2,1,0,0,0,0,0,,
soviet-sluggers-2021-06-02-2030-long-ballers,2,Stevie,4,4,4,2,0,2,0,2,4,0,0,0,0,0,,
soviet-sluggers-2021-06-02-2030-long-ballers,3,Layshock,4,4,3,1,2,0,0,1,2,0,0,0,0,0,,
soviet-sluggers-2021-06-02-2030-long-ballers,4,Corey,4,4,3,3,0,0,0,2,3,0,0,0,1,0,,
soviet-sluggers-2021-06-02-2030-long-ballers,5,Porter,4,4,3,1,2,0,0,2,3,0,0,0,0,0,,
soviet-sluggers-2021-06-02-2030-long-ballers,6,AJ,4,4,3,2,1,0,0,3,0,0,0,0,0,0,,
soviet-sluggers-2021-06-02-2030-long-ballers,7,Teo,4,4,2,1,1,0,0,1,1,0,0,0,0,0,,
soviet-sluggers-2021-06-02-2030-long-ballers,8,Duff,4,4,2,2,0,0,0,2,1,0,0,0,0,0,,
soviet-sluggers-2021-06-02-2030-long-ballers,9,Glove,4,4,1,0,1,0,0,0,1,0,0,0,0,0,,
soviet-sluggers-2021-06-02-2030-long-ballers,10,Jason,3,2,1,1,0,0,0,1,0,1,0,0,0,0,,
soviet-sluggers-2021-06-02-2030-long-ballers,11,Kives,4,4,1,1,0,0,0,1,1,0,1,0,0,0,,
soviet-sluggers-2021-06-02-2130-long-ballers,1,Layshock,4,4,4,3,1,0,0,1,3,0,0,0,0,0,,
soviet-sluggers-2021-06-02-2130-long-ballers,2,Teo,4,4,4,2,2,0,0,2,2,0,0,0,0,0,,
soviet-sluggers-2021-06-02-2130-long-ballers,3,Porter,4,4,3,2,0,0,1,5,1,0,0,0,0,0,,
soviet-sluggers-2021-06-02-2130-long-ballers,4,Glove,4,4,3,1,1,0,1,3,3,0,0,0,0,0,,
soviet-sluggers-2021-06-02-2130-long-ballers,5,Kives,4,4,3,0,3,0,0,1,1,0,0,0,0,0,,
soviet-sluggers-2021-06-02-2130-long-ballers,6,JJ,4,4,3,1,1,0,1,2,2,0,0,0,0,0,,
soviet-sluggers-2021-06-02-2130-long-ballers,7,Stevie,4,4,2,2,0,0,0,0,1,0,0,0,1,0,,
soviet-sluggers-2021-06-02-2130-long-ballers,8,AJ,4,4,2,2,0,0,0,0,2,0,0,0,0,0,,
soviet-sluggers-2021-06-02-2130-long-ballers,9,Corey,4,4,1,0,1,0,0,1,1,0,0,0,0,0,,
soviet-sluggers-2021-06-02-2130-long-ballers,10,Duff,4,4,1,1,0,0,0,1,1,0,0,0,0,0,,
soviet-sluggers-2021-06-02-2130-long-ballers,11,Jason,4,3,1,1,0,0,0,1,0,1,0,0,0,0,,
soviet-sluggers-2021-06-09-1830-swan-song,1,Layshock,4,4,4,3,0,1,0,1,1,0,0,0,0,0,,
soviet-sluggers-2021-06-09-1830-swan-song,2,JT,4,4,4,4,0,0,0,3,2,0,0,0,0,0,,
soviet-sluggers-2021-06-09-1830-swan-song,3,Porter,4,4,3,2,0,1,0,0,3,0,0,0,0,0,,
soviet-sluggers-2021-06-09-1830-swan-song,4,Duff,4,4,3,1,1,1,0,3,1,0,0,0,0,0,,
soviet-sluggers-2021-06-09-1830-swan-song,5,Walsh,4,4,2,2,0,0,0,1,0,0,0,0,0,0,,
soviet-sluggers-2021-06-09-1830-swan-song,6,JJ,4,4,2,2,0,0,0,0,1,0,1,0,0,0,,
soviet-sluggers-2021-06-09-1830-swan-song,7,Corey,4,4,2,0,1,0,1,2,2,0,0,0,0,0,,
soviet-sluggers-2021-06-09-1830-swan-song,8,Stevie,4,4,2,2,0,0,0,1,1,0,0,0,0,0,,
soviet-sluggers-2021-06-09-1830-swan-song,9,Glove,4,4,2,2,0,0,0,1,1,0,0,0,0,0,,
soviet-sluggers-2021-06-09-1830-swan-song,10,Teo,4,3,1,0,1,0,0,2,0,0,0,1,0,0,,
soviet-sluggers-2021-06-09-1830-swan-song,11,Jason,4,4,1,1,0,0,0,0,2,0,0,0,1,0,,
soviet-sluggers-2021-06-09-1930-swan-song,1,JT,4,4,2,2,0,0,0,0,1,0,0,0,0,0,,
soviet-sluggers-2021-06-09-1930-swan-song,2,Porter,3,3,2,1,1,0,0,0,1,0,0,0,0,0,,
soviet-sluggers-2021-06-09-1930-swan-song,3,Teo,3,3,2,2,0,0,0,2,0,0,0,0,0,0,,
soviet-sluggers-2021-06-09-1930-swan-song,4,Glove,3,3,2,1,0,0,1,2,1,0,0,0,0,0,,
soviet-sluggers-2021-06-09-1930-swan-song,5,Layshock,4,4,1,1,0,0,0,0,0,0,0,0,0,0,,
soviet-sluggers-2021-06-09-1930-swan-song,6,Walsh,3,3,1,1,0,0,0,0,0,0,0,0,0,0,,
soviet-sluggers-2021-06-09-1930-swan-song,7,Corey,3,3,1,1,0,0,0,0,1,0,0,0,0,0,,
soviet-sluggers-2021-06-09-1930-swan-song,8,Stevie,3,3,1,1,0,0,0,0,1,0,0,0,0,0,,
soviet-sluggers-2021-06-09-1930-swan-song,9,Duff,3,2,1,1,0,0,0,1,1,0,0,1,0,0,,
soviet-sluggers-2021-06-09-1930-swan-song,10,JJ,3,3,0,0,0,0,0,0,0,0,0,0,1,0,,
soviet-sluggers-2021-06-09-1930-swan-song,11,Jason,3,2,0,0,0,0,0,1,0,1,0,0,0,0,,
soviet-sluggers-2021-06-16-0930-biohazard,1,Layshock,4,4,3,2,0,1,0,0,3,0,0,0,0,0,,
soviet-sluggers-2021-06-16-0930-biohazard,2,Corey,3,3,3,3,0,0,0,1,2,0,0,0,0,0,,
soviet-sluggers-2021-06-16-0930-biohazard,3,Porter,4,3,3,2,1,0,0,4,2,0,0,1,0,0,,
soviet-sluggers-2021-06-16-0930-biohazard,4,Glove,3,3,3,3,0,0,0,1,2,0,0,0,0,0,,
soviet-sluggers-2021-06-16-0930-biohazard,5,JJ,3,3,2,1,0,0,1,6,1,0,0,0,0,0,,
soviet-sluggers-2021-06-16-0930-biohazard,6,Teo,4,3,2,1,1,0,0,1,3,1,0,0,0,0,,
soviet-sluggers-2021-06-16-0930-biohazard,7,Stevie,3,3,2,2,0,0,0,1,3,0,0,0,1,0,,
soviet-sluggers-2021-06-16-0930-biohazard,8,Jason,3,3,2,2,0,0,0,0,1,0,0,0,0,0,,
soviet-sluggers-2021-06-16-0930-biohazard,9,Duff,3,3,1,0,0,1,0,1,0,0,0,0,1,0,,
soviet-sluggers-2021-06-16-0930-biohazard,10,Kives,3,2,1,0,0,0,1,3,1,0,0,1,0,0,,
soviet-sluggers-2021-06-16-0930-biohazard,11,JT,4,4,0,0,0,0,0,0,0,0,0,0,0,0,,
soviet-sluggers-2021-06-16-0930-biohazard,12,AJ,3,3,0,0,0,0,0,0,0,0,0,0,0,0,,
soviet-sluggers-2021-06-16-2030-biohazard,1,Stevie,3,3,3,3,0,0,0,2,2,0,0,0,0,0,,
soviet-sluggers-2021-06-16-2030-biohazard,2,AJ,3,3,3,2,1,0,0,2,1,0,0,0,0,0,,
soviet-sluggers-2021-06-16-2030-biohazard,3,Corey,3,3,2,1,1,0,0,2,2,0,1,0,0,0,,
soviet-sluggers-2021-06-16-2030-biohazard,4,Teo,3,3,2,2,0,0,0,1,1,0,0,0,0,0,,
soviet-sluggers-2021-06-16-2030-biohazard,5,Glove,3,2,2,2,0,0,0,0,3,1,0,0,0,0,,
soviet-sluggers-2021-06-16-2030-biohazard,6,Duff,2,2,2,2,0,0,0,1,1,0,0,0,0,0,,
soviet-sluggers-2021-06-16-2030-biohazard,7,Kives,3,3,2,2,0,0,0,3,3,0,0,0,1,0,,
soviet-sluggers-2021-06-16-2030-biohazard,8,JJ,3,1,1,1,0,0,0,2,0,0,0,2,0,0,,
soviet-sluggers-2021-06-16-2030-biohazard,9,Porter,3,3,1,1,0,0,0,0,1,0,0,0,0,0,,
soviet-sluggers-2021-06-16-2030-biohazard,10,Jason,3,3,1,1,0,0,0,1,1,0,0,0,0,0,,
soviet-sluggers-2021-06-16-2030-biohazard,11,Layshock,3,3,0,0,0,0,0,0,0,0,0,0,0,0,,
soviet-sluggers-2021-06-16-2030-biohazard,12,JT,3,2,0,0,0,0,0,1,0,0,0,1,0,0,,
soviet-sluggers-2021-06-23-2030-refuse-to-win,1,Layshock,5,5,4,4,0,0,0,1,3,0,0,0,0,0,,
soviet-sluggers-2021-06-23-2030-refuse-to-win,2,Glove,5,5,4,2,1,0,1,5,3,0,0,0,0,0,,
soviet-sluggers-2021-06-23-2030-refuse-to-win,3,JJ,4,4,2,2,0,0,0,0,1,0,0,0,0,0,,
soviet-sluggers-2021-06-23-2030-refuse-to-win,4,Corey,4,4,2,2,0,0,0,1,2,0,0,0,0,0,,
soviet-sluggers-2021-06-23-2030-refuse-to-win,5,Porter,4,4,2,1,0,0,1,3,1,0,0,0,0,0,,
soviet-sluggers-2021-06-23-2030-refuse-to-win,6,Teo,5,4,2,1,0,0,1,3,1,1,0,0,0,0,,
soviet-sluggers-2021-06-23-2030-refuse-to-win,7,Stevie,4,4,2,2,0,0,0,0,2,0,0,0,0,0,,
soviet-sluggers-2021-06-23-2030-refuse-to-win,8,Duff,4,4,2,1,0,1,0,2,2,0,0,0,0,0,,
soviet-sluggers-2021-06-23-2030-refuse-to-win,9,Kives,4,3,2,0,2,0,0,1,1,1,0,0,0,0,,
soviet-sluggers-2021-06-23-2030-refuse-to-win,10,Jason,4,3,1,1,0,0,0,1,1,0,0,1,0,0,,
soviet-sluggers-2021-06-23-2030-refuse-to-win,11,JT,4,3,0,0,0,0,0,1,1,1,1,0,0,0,,
soviet-sluggers-2021-06-23-2130-refuse-to-win,1,Porter,5,5,5,3,0,0,2,3,4,0,0,0,0,0,,
soviet-sluggers-2021-06-23-2130-refuse-to-win,2,Layshock,5,5,4,2,2,0,0,1,3,0,0,0,0,0,,
soviet-sluggers-2021-06-23-2130-refuse-to-win,3,Teo,5,5,4,0,0,1,3,6,4,0,0,0,0,0,,
soviet-sluggers-2021-06-23-2130-refuse-to-win,4,JJ,5,5,3,2,1,0,0,1,3,0,0,0,0,0,,
soviet-sluggers-2021-06-23-2130-refuse-to-win,5,Corey,4,4,3,2,1,0,0,1,2,0,0,0,0,0,,
soviet-sluggers-2021-06-23-2130-refuse-to-win,6,Glove,5,5,3,1,1,1,0,3,2,0,0,0,0,0,,
soviet-sluggers-2021-06-23-2130-refuse-to-win,7,Kives,4,4,3,3,0,0,0,1,2,0,0,0,0,0,,
soviet-sluggers-2021-06-23-2130-refuse-to-win,8,JT,4,4,2,1,0,0,1,5,2,0,0,0,0,0,,
soviet-sluggers-2021-06-23-2130-refuse-to-win,9,Jason,4,4,2,2,0,0,0,1,1,0,0,0,0,0,,
soviet-sluggers-2021-06-23-2130-refuse-to-win,10,Stevie,5,5,1,0,1,0,0,1,0,0,0,0,1,0,,
soviet-sluggers-2021-06-23-2130-refuse-to-win,11,Duff,4,4,0,0,0,0,0,0,0,0,0,0,0,0,,
soviet-sluggers-2021-06-30-1830-ringers,1,Teo,3,3,3,3,0,0,0,1,1,0,0,0,0,0,,
soviet-sluggers-2021-06-30-1830-ringers,2,Duff,2,2,2,2,0,0,0,0,1,0,0,0,0,0,,
soviet-sluggers-2021-06-30-1830-ringers,3,Layshock,3,3,1,1,0,0,0,0,0,0,0,0,1,0,,
soviet-sluggers-2021-06-30-1830-ringers,4,JJ,3,3,1,1,0,0,0,1,0,0,0,0,1,0,,
soviet-sluggers-2021-06-30-1830-ringers,5,JT,3,3,1,0,0,1,0,0,1,0,0,0,0,0,,
soviet-sluggers-2021-06-30-1830-ringers,6,Stevie,3,3,1,1,0,0,0,0,0,0,0,0,0,0,,
soviet-sluggers-2021-06-30-1830-ringers,7,Walsh,3,3,0,0,0,0,0,0,0,0,0,0,0,0,,
soviet-sluggers-2021-06-30-1830-ringers,8,Corey,3,3,0,0,0,0,0,0,0,0,0,0,0,0,,
soviet-sluggers-2021-06-30-1830-ringers,9,Austin,2,1,0,0,0,0,0,1,0,0,0,1,0,0,,
soviet-sluggers-2021-06-30-1830-ringers,10,Harm,3,2,0,0,0,0,0,0,0,1,0,0,0,0,,
soviet-sluggers-2021-06-30-1830-ringers,11,Jason,2,2,0,0,0,0,0,0,0,0,2,0,0,0,,
soviet-sluggers-2021-06-30-1930-ringers,1,Layshock,2,2,1,1,0,0,0,0,0,0,0,0,0,0,,
soviet-sluggers-2021-06-30-1930-ringers,2,JJ,2,2,1,1,0,0,0,0,0,0,0,0,0,0,,
soviet-sluggers-2021-06-30-1930-ringers,3,Austin,2,2,1,0,1,0,0,0,0,0,0,0,0,0,,
soviet-sluggers-2021-06-30-1930-ringers,4,Teo,2,2,1,0,0,0,1,1,1,0,0,0,0,0,,
soviet-sluggers-2021-06-30-1930-ringers,5,Duff,1,1,1,1,0,0,0,0,0,0,0,0,0,0,,
soviet-sluggers-2021-06-30-1930-ringers,6,Walsh,2,1,0,0,0,0,0,0,0,1,0,0,0,0,,
soviet-sluggers-2021-06-30-1930-ringers,7,JT,2,2,0,0,0,0,0,0,0,0,0,0,0,0,,
soviet-sluggers-2021-06-30-1930-ringers,8,Corey,2,2,0,0,0,0,0,0,0,0,0,0,0,0,,
soviet-sluggers-2021-06-30-1930-ringers,9,Stevie,2,2,0,0,0,0,0,0,0,0,0,0,1,0,,
soviet-sluggers-2021-06-30-1930-ringers,10,Harm,2,2,0,0,0,0,0,0,0,0,0,0,0,0,,
soviet-sluggers-2021-06-30-1930-ringers,11,Jason,2,2,0,0,0,0,0,0,0,0,2,0,0,0,,
soviet-sluggers-2021-07-07-2030-no-dice,1,Glove,3,3,3,0,0,2,1,3,2,0,0,0,0,0,,
soviet-sluggers-2021-07-07-2030-no-dice,2,JJ,3,3,1,1,0,0,0,0,0,0,0,0,0,0,,
soviet-sluggers-2021-07-07-2030-no-dice,3,Corey,3,3,1,1,0,0,0,0,0,0,1,0,0,0,,
soviet-sluggers-2021-07-07-2030-no-dice,4,Porter,3,3,1,1,0,0,0,0,0,0,0,0,0,0,,
soviet-sluggers-2021-07-07-2030-no-dice,5,Teo,3,3,1,1,0,0,0,1,0,0,0,0,0,0,,
soviet-sluggers-2021-07-07-2030-no-dice,6,Stevie,2,2,1,1,0,0,0,1,0,0,0,0,0,0,,
soviet-sluggers-2021-07-07-2030-no-dice,7,Duff,2,2,1,0,0,1,0,0,1,0,0,0,0,0,,
soviet-sluggers-2021-07-07-2030-no-dice,8,Jason,2,2,1,1,0,0,0,0,1,0,0,0,0,0,,
soviet-sluggers-2021-07-07-2030-no-dice,9,AJ,2,2,1,1,0,0,0,0,0,0,0,0,0,0,,
soviet-sluggers-2021-07-07-2030-no-dice,10,Kives,3,3,1,1,0,0,0,0,1,0,0,0,0,0,,
soviet-sluggers-2021-07-07-2030-no-dice,11,Layshock,3,3,0,0,0,0,0,0,0,0,0,0,0,0,,
soviet-sluggers-2021-07-07-2030-no-dice,12,JT,2,1,0,0,0,0,0,0,0,1,1,0,0,0,,
soviet-sluggers-2021-07-07-2130-no-dice,1,Porter,3,3,3,3,0,0,0,0,0,0,0,0,0,0,,
soviet-sluggers-2021-07-07-2130-no-dice,2,Layshock,3,3,2,2,0,0,0,1,1,0,0,0,0,0,,
soviet-sluggers-2021-07-07-2130-no-dice,3,JJ,3,2,2,0,2,0,0,0,2,1,0,0,0,0,,
soviet-sluggers-2021-07-07-2130-no-dice,4,JT,3,3,1,1,0,0,0,0,1,0,1,0,0,0,,
soviet-sluggers-2021-07-07-2130-no-dice,5,Corey,3,3,1,0,0,1,0,1,1,0,0,0,0,0,,
soviet-sluggers-2021-07-07-2130-no-dice,6,Teo,3,3,1,0,0,0,1,3,1,0,0,0,1,0,,
soviet-sluggers-2021-07-07-2130-no-dice,7,Glove,3,3,1,0,0,0,1,2,1,0,0,0,0,0,,
soviet-sluggers-2021-07-07-2130-no-dice,8,Duff,2,2,1,0,1,0,0,0,1,0,0,0,0,0,,
soviet-sluggers-2021-07-07-2130-no-dice,9,Stevie,3,3,0,0,0,0,0,1,0,0,0,0,0,0,,
soviet-sluggers-2021-07-07-2130-no-dice,10,Jason,2,1,0,0,0,0,0,0,1,1,0,0,0,0,,
soviet-sluggers-2021-07-07-2130-no-dice,11,AJ,3,3,0,0,0,0,0,1,0,0,0,0,0,0,,
soviet-sluggers-2021-07-07-2130-no-dice,12,Kives,3,3,0,0,0,0,0,0,0,0,0,0,0,0,,
soviet-sluggers-2021-07-14-1830-balls-deep,1,Teo,4,4,3,2,1,0,0,1,1,0,1,0,0,0,,
soviet-sluggers-2021-07-14-1830-balls-deep,2,JJ,4,4,2,1,1,0,0,1,2,0,0,0,0,0,,
soviet-sluggers-2021-07-14-1830-balls-deep,3,Corey,3,3,2,2,0,0,0,2,1,0,0,0,0,0,,
soviet-sluggers-2021-07-14-1830-balls-deep,4,Glove,4,4,2,0,0,2,0,1,2,0,0,0,0,0,,
soviet-sluggers-2021-07-14-1830-balls-deep,5,Duff,3,3,2,2,0,0,0,2,1,0,0,0,0,0,,
soviet-sluggers-2021-07-14-1830-balls-deep,6,AJ,3,3,2,2,0,0,0,2,0,0,0,0,0,0,,
soviet-sluggers-2021-07-14-1830-balls-deep,7,Kives,3,2,2,2,0,0,0,0,2,1,0,0,0,0,,
soviet-sluggers-2021-07-14-1830-balls-deep,8,Porter,4,4,1,0,1,0,0,1,1,0,0,0,0,0,,
soviet-sluggers-2021-07-14-1830-balls-deep,9,Layshock,4,4,0,0,0,0,0,0,0,0,0,0,0,0,,
soviet-sluggers-2021-07-14-1830-balls-deep,10,JT,3,2,0,0,0,0,0,1,0,0,0,1,0,0,,
soviet-sluggers-2021-07-14-1830-balls-deep,11,Stevie,3,3,0,0,0,0,0,0,0,0,1,0,0,0,,
soviet-sluggers-2021-07-14-1830-balls-deep,12,Jason,3,3,0,0,0,0,0,0,1,0,1,0,0,0,,
soviet-sluggers-2021-07-14-1930-balls-deep,1,Duff,2,2,2,2,0,0,0,0,0,0,0,0,0,0,,
soviet-sluggers-2021-07-14-1930-balls-deep,2,Layshock,2,2,1,0,1,0,0,0,0,0,0,0,0,0,,
soviet-sluggers-2021-07-14-1930-balls-deep,3,Glove,2,2,1,1,0,0,0,0,0,0,0,0,0,0,,
soviet-sluggers-2021-07-14-1930-balls-deep,4,Jason,1,1,1,1,0,0,0,0,0,0,0,0,0,0,,
soviet-sluggers-2021-07-14-1930-balls-deep,5,JJ,2,2,0,0,0,0,0,0,0,0,0,0,0,0,,
soviet-sluggers-2021-07-14-1930-balls-deep,6,JT,1,0,0,0,0,0,0,0,0,1,0,0,0,0,,
soviet-sluggers-2021-07-14-1930-balls-deep,7,Corey,2,2,0,0,0,0,0,0,0,0,0,0,0,0,,
soviet-sluggers-2021-07-14-1930-balls-deep,8,Porter,2,2,0,0,0,0,0,0,0,0,0,0,0,0,,
soviet-sluggers-2021-07-14-1930-balls-deep,9,Teo,2,2,0,0,0,0,0,0,0,0,0,0,0,0,,
soviet-sluggers-2021-07-14-1930-balls-deep,10,Stevie,1,1,0,0,0,0,0,0,0,0,0,0,0,0,,
soviet-sluggers-2021-07-14-1930-balls-deep,11,AJ,1,1,0,0,0,0,0,0,0,0,0,0,0,0,,
soviet-sluggers-2021-07-14-1930-balls-deep,12,Kives,2,2,0,0,0,0,0,0,0,0,0,0,0,0,,
soviet-sluggers-2021-07-21-1830-ringers,1,Teo,3,3,2,2,0,0,0,0,0,0,0,0,0,0,,
soviet-sluggers-2021-07-21-1830-ringers,2,Duff,3,3,2,2,0,0,0,0,1,0,0,0,0,0,,
soviet-sluggers-2021-07-21-1830-ringers,3,Layshock,3,3,1,1,0,0,0,0,0,0,0,0,0,0,,
soviet-sluggers-2021-07-21-1830-ringers,4,JJ,3,3,1,1,0,0,0,0,0,0,0,0,0,0,,
soviet-sluggers-2021-07-21-1830-ringers,5,Glove,3,3,1,1,0,0,0,1,1,0,0,0,0,0,,
soviet-sluggers-2021-07-21-1830-ringers,6,AJ,2,2,1,0,0,0,1,1,1,0,0,0,0,0,,
soviet-sluggers-2021-07-21-1830-ringers,7,Walsh,2,2,0,0,0,0,0,0,0,0,0,0,0,0,,
soviet-sluggers-2021-07-21-1830-ringers,8,Corey,3,3,0,0,0,0,0,0,0,0,0,0,0,0,,
soviet-sluggers-2021-07-21-1830-ringers,9,Porter,3,2,0,0,0,0,0,1,0,0,0,1,0,0,,
soviet-sluggers-2021-07-21-1830-ringers,10,Stevie,2,2,0,0,0,0,0,0,0,0,0,0,0,0,,
soviet-sluggers-2021-07-21-1830-ringers,11,Jason,2,2,0,0,0,0,0,0,0,0,0,0,0,0,,
soviet-sluggers-2021-07-21-1925-biohazard,1,Porter,4,4,4,1,2,0,1,3,3,0,0,0,0,0,,
soviet-sluggers-2021-07-21-1925-biohazard,2,Duff,5,5,4,3,1,0,0,1,2,0,0,0,0,0,,
soviet-sluggers-2021-07-21-1925-biohazard,3,Layshock,4,4,3,3,0,0,0,2,1,0,0,0,0,0,,
soviet-sluggers-2021-07-21-1925-biohazard,4,Walsh,4,4,3,1,1,0,1,2,2,0,0,0,0,0,,
soviet-sluggers-2021-07-21-1925-biohazard,5,Teo,4,4,3,0,2,1,0,1,3,0,0,0,0,0,,
soviet-sluggers-2021-07-21-1925-biohazard,6,JJ,4,4,2,1,0,0,1,2,1,0,0,0,0,0,,
soviet-sluggers-2021-07-21-1925-biohazard,7,Corey,4,4,2,2,0,0,0,0,1,0,0,0,0,0,,
soviet-sluggers-2021-07-21-1925-biohazard,8,Stevie,4,4,2,2,0,0,0,1,2,0,0,0,0,0,,
soviet-sluggers-2021-07-21-1925-biohazard,9,Glove,5,4,2,1,0,0,1,6,1,0,0,1,0,0,,
soviet-sluggers-2021-07-21-1925-biohazard,10,Jason,4,3,1,1,0,0,0,0,2,1,1,0,0,0,,
soviet-sluggers-2021-07-21-1925-biohazard,11,AJ,4,4,1,1,0,0,0,1,1,0,0,0,0,0,,
smoking-bunts-2022-06-15-1830-phantoms,1,Glove,4,4,4,4,0,0,0,2,3,0,0,0,0,0,,
smoking-bunts-2022-06-15-1830-phantoms,2,Duff,3,3,3,2,1,0,0,1,2,0,0,0,0,0,,
smoking-bunts-2022-06-15-1830-phantoms,3,Jason,3,2,2,2,0,0,0,1,3,1,0,0,0,0,,
smoking-bunts-2022-06-15-1830-phantoms,4,Layshock,3,3,2,1,1,0,0,2,1,0,1,0,0,0,,
smoking-bunts-2022-06-15-1830-phantoms,5,JT,3,3,2,2,0,0,0,1,2,0,0,0,0,0,,
smoking-bunts-2022-06-15-1830-phantoms,6,Porter,4,4,2,1,0,0,1,1,2,0,0,0,0,0,,
smoking-bunts-2022-06-15-1830-phantoms,7,Tim,4,4,2,1,0,1,0,2,1,0,1,0,0,0,,
smoking-bunts-2022-06-15-1830-phantoms,8,Teo,4,3,1,0,0,1,0,3,0,0,0,1,0,0,,
smoking-bunts-2022-06-15-1830-phantoms,9,Stevie,3,3,1,1,0,0,0,1,1,0,0,0,0,0,,
smoking-bunts-2022-06-15-1830-phantoms,10,Corey,3,3,1,1,0,0,0,2,1,0,0,0,0,0,,
smoking-bunts-2022-06-15-1830-phantoms,11,JJ,3,3,1,1,0,0,0,1,1,0,0,0,0,0,,
smoking-bunts-2022-06-15-1930-phantoms,1,JT,3,3,3,1,1,1,0,3,1,0,0,0,0,0,,
smoking-bunts-2022-06-15-1930-phantoms,2,Porter,3,3,3,3,0,0,0,0,1,0,0,0,0,0,,
smoking-bunts-2022-06-15-1930-phantoms,3,Tim,4,4,3,1,1,1,0,2,3,0,0,0,1,0,,
smoking-bunts-2022-06-15-1930-phantoms,4,Duff,3,3,2,1,0,1,0,2,1,0,0,0,0,0,,
smoking-bunts-2022-06-15-1930-phantoms,5,Glove,4,4,2,2,0,0,0,1,1,0,1,0,1,0,,
smoking-bunts-2022-06-15-1930-phantoms,6,JJ,3,3,2,2,0,0,0,1,1,0,0,0,0,0,,
smoking-bunts-2022-06-15-1930-phantoms,7,Teo,4,3,1,0,0,0,1,3,1,0,0,1,0,0,,
smoking-bunts-2022-06-15-1930-phantoms,8,Stevie,3,3,1,0,1,0,0,1,1,0,1,0,0,0,,
smoking-bunts-2022-06-15-1930-phantoms,9,Jason,3,3,1,1,0,0,0,2,1,0,0,0,1,0,,
smoking-bunts-2022-06-15-1930-phantoms,10,Layshock,3,3,1,0,1,0,0,0,1,0,1,0,0,0,,
smoking-bunts-2022-06-15-1930-phantoms,11,Corey,3,2,1,1,0,0,0,0,3,1,0,0,1,0,,
smoking-bunts-2022-06-29-1830-no-dice,1,Teo,2,1,1,0,1,0,0,1,1,0,0,1,0,0,,
smoking-bunts-2022-06-29-1830-no-dice,2,Duff,3,3,1,1,0,0,0,0,0,0,0,0,0,0,,
smoking-bunts-2022-06-29-1830-no-dice,3,Kives,2,2,1,1,0,0,0,1,0,0,0,0,0,0,,
smoking-bunts-2022-06-29-1830-no-dice,4,JT,2,2,1,1,0,0,0,0,0,0,1,0,0,0,,
smoking-bunts-2022-06-29-1830-no-dice,5,Corey,2,2,1,1,0,0,0,0,0,0,0,0,1,0,,
smoking-bunts-2022-06-29-1830-no-dice,6,Tim,3,3,1,0,0,1,0,0,2,0,0,0,1,0,,
smoking-bunts-2022-06-29-1830-no-dice,7,Stevie,2,1,0,0,0,0,0,0,0,1,0,0,0,0,,
smoking-bunts-2022-06-29-1830-no-dice,8,Jason,2,2,0,0,0,0,0,0,0,0,0,0,0,0,,
smoking-bunts-2022-06-29-1830-no-dice,9,Porter,2,2,0,0,0,0,0,1,0,0,0,0,1,0,,
smoking-bunts-2022-06-29-1830-no-dice,10,JJ,2,2,0,0,0,0,0,0,0,0,0,0,0,0,,
smoking-bunts-2022-06-29-1930-no-dice,1,Stevie,3,3,2,2,0,0,0,0,0,0,0,0,1,0,,
smoking-bunts-2022-06-29-1930-no-dice,2,JT,3,3,2,2,0,0,0,0,0,0,1,0,0,0,,
smoking-bunts-2022-06-29-1930-no-dice,3,Corey,3,3,2,2,0,0,0,2,0,0,0,0,0,0,,
smoking-bunts-2022-06-29-1930-no-dice,4,JJ,3,3,2,1,0,1,0,1,2,0,0,0,0,0,,
smoking-bunts-2022-06-29-1930-no-dice,5,Tim,3,3,2,1,0,1,0,0,1,0,0,0,0,0,,
smoking-bunts-2022-06-29-1930-no-dice,6,Teo,3,3,1,0,0,0,1,2,1,0,0,0,1,0,,
smoking-bunts-2022-06-29-1930-no-dice,7,Duff,4,4,1,1,0,0,0,0,0,0,0,0,0,0,,
smoking-bunts-2022-06-29-1930-no-dice,8,Kives,3,3,1,1,0,0,0,0,1,0,0,0,1,0,,
smoking-bunts-2022-06-29-1930-no-dice,9,Porter,3,3,1,1,0,0,0,0,0,0,0,0,0,0,,
smoking-bunts-2022-06-29-1930-no-dice,10,Jason,3,3,0,0,0,0,0,0,0,0,0,0,1,0,,
smoking-bunts-2022-07-06-1830-f7s,1,JT,4,4,3,2,1,0,0,1,2,0,0,0,0,0,,
smoking-bunts-2022-07-06-1830-f7s,2,Glove,4,4,3,2,0,1,0,1,2,0,0,0,0,0,,
smoking-bunts-2022-07-06-1830-f7s,3,JJ,4,3,3,3,0,0,0,0,2,1,0,0,0,0,,
smoking-bunts-2022-07-06-1830-f7s,4,Teo,4,4,2,0,0,0,2,3,2,0,0,0,2,0,,
smoking-bunts-2022-07-06-1830-f7s,5,Stevie,3,3,2,2,0,0,0,2,1,0,0,0,0,0,,
smoking-bunts-2022-07-06-1830-f7s,6,Kives,4,4,2,1,0,1,0,3,2,0,0,0,0,0,,
smoking-bunts-2022-07-06-1830-f7s,7,Tim,4,4,2,1,0,0,1,2,1,0,0,0,1,0,,
smoking-bunts-2022-07-06-1830-f7s,8,Porter,4,3,1,1,0,0,0,0,1,1,0,0,0,0,,
smoking-bunts-2022-07-06-1830-f7s,9,Corey,4,3,1,1,0,0,0,1,0,0,0,1,0,0,,
smoking-bunts-2022-07-06-1830-f7s,10,Duff,3,3,0,0,0,0,0,0,0,0,0,0,0,0,,
smoking-bunts-2022-07-06-1930-f7s,1,Tim,4,4,4,1,0,0,3,5,4,0,0,0,0,0,,
smoking-bunts-2022-07-06-1930-f7s,2,JT,4,4,3,3,0,0,0,1,1,0,0,0,0,0,,
smoking-bunts-2022-07-06-1930-f7s,3,Teo,4,3,2,0,0,0,2,2,3,1,0,0,0,0,,
smoking-bunts-2022-07-06-1930-f7s,4,Stevie,4,4,2,1,0,1,0,1,1,0,0,0,1,0,,
smoking-bunts-2022-07-06-1930-f7s,5,Kives,4,4,2,2,0,0,0,3,2,0,0,0,1,0,,
smoking-bunts-2022-07-06-1930-f7s,6,Glove,4,4,2,1,1,0,0,2,2,0,0,0,0,0,,
smoking-bunts-2022-07-06-1930-f7s,7,Porter,4,3,2,1,0,1,0,0,2,1,0,0,0,0,,
smoking-bunts-2022-07-06-1930-f7s,8,JJ,4,3,2,0,1,0,1,3,3,1,0,0,0,0,,
smoking-bunts-2022-07-06-1930-f7s,9,Duff,3,3,1,0,1,0,0,2,1,0,0,0,0,0,,
smoking-bunts-2022-07-06-1930-f7s,10,Corey,4,4,1,1,0,0,0,0,0,0,0,0,0,0,,
smoking-bunts-2022-07-13-2030-ringers,1,Teo,4,4,2,0,1,1,0,0,1,0,0,0,0,0,,
smoking-bunts-2022-07-13-2030-ringers,2,Duff,3,3,2,1,0,1,0,2,0,0,0,0,0,0,,
smoking-bunts-2022-07-13-2030-ringers,3,Kives,3,3,2,1,0,0,1,2,2,0,0,0,0,0,,
smoking-bunts-2022-07-13-2030-ringers,4,JJ,3,2,2,1,1,0,0,0,2,1,0,0,0,0,,
smoking-bunts-2022-07-13-2030-ringers,5,Stevie,3,2,1,1,0,0,0,0,2,1,0,0,0,0,,
smoking-bunts-2022-07-13-2030-ringers,6,Layshock,4,3,1,1,0,0,0,0,0,1,0,0,0,0,,
smoking-bunts-2022-07-13-2030-ringers,7,Porter,3,1,1,0,0,1,0,1,2,2,0,0,0,0,,
smoking-bunts-2022-07-13-2030-ringers,8,Riley Gowens,3,3,1,0,1,0,0,3,1,0,0,0,0,0,,
smoking-bunts-2022-07-13-2030-ringers,9,JT,3,2,0,0,0,0,0,1,0,0,0,1,0,0,,
smoking-bunts-2022-07-13-2030-ringers,10,Corey,3,2,0,0,0,0,0,1,0,0,0,1,0,0,,
smoking-bunts-2022-07-13-2030-ringers,11,Tim,4,4,0,0,0,0,0,0,0,0,0,0,1,0,,
smoking-bunts-2022-07-13-2130-ringers,1,Corey,2,2,2,2,0,0,0,0,1,0,0,0,0,0,,
smoking-bunts-2022-07-13-2130-ringers,2,Teo,3,2,1,0,1,0,0,2,0,0,0,1,0,0,,
smoking-bunts-2022-07-13-2130-ringers,3,Layshock,3,3,1,1,0,0,0,0,0,0,0,0,0,0,,
smoking-bunts-2022-07-13-2130-ringers,4,Kives,2,1,1,1,0,0,0,1,0,1,0,0,0,0,,
smoking-bunts-2022-07-13-2130-ringers,5,JT,2,2,1,1,0,0,0,0,0,0,0,0,0,0,,
smoking-bunts-2022-07-13-2130-ringers,6,Porter,3,3,1,1,0,0,0,0,0,0,0,0,0,0,,
smoking-bunts-2022-07-13-2130-ringers,7,Riley Gowens,2,2,1,0,1,0,0,0,0,0,0,0,1,0,,
smoking-bunts-2022-07-13-2130-ringers,8,Tim,3,2,1,1,0,0,0,0,1,1,0,0,0,0,,
smoking-bunts-2022-07-13-2130-ringers,9,Stevie,2,2,0,0,0,0,0,0,0,0,0,0,0,0,,
smoking-bunts-2022-07-13-2130-ringers,10,Duff,2,2,0,0,0,0,0,0,0,0,0,0,0,0,,
smoking-bunts-2022-07-13-2130-ringers,11,JJ,2,2,0,0,0,0,0,0,1,0,0,0,1,0,,
smoking-bunts-2022-07-20-1830-napoli-bomb-squad,1,Teo,3,3,2,0,1,0,1,2,1,0,0,0,0,0,,
smoking-bunts-2022-07-20-1830-napoli-bomb-squad,2,Duff,2,2,2,2,0,0,0,0,0,0,0,0,0,0,,
smoking-bunts-2022-07-20-1830-napoli-bomb-squad,3,Glove,3,3,2,2,0,0,0,0,1,0,0,0,0,0,,
smoking-bunts-2022-07-20-1830-napoli-bomb-squad,4,JJ,3,3,2,2,0,0,0,0,1,0,0,0,0,0,,
smoking-bunts-2022-07-20-1830-napoli-bomb-squad,5,Layshock,2,2,1,0,0,1,0,1,1,0,0,0,0,0,,
smoking-bunts-2022-07-20-1830-napoli-bomb-squad,6,JT,2,2,1,1,0,0,0,0,0,0,0,0,0,0,,
smoking-bunts-2022-07-20-1830-napoli-bomb-squad,7,Porter,2,2,1,1,0,0,0,0,0,0,0,0,0,0,,
smoking-bunts-2022-07-20-1830-napoli-bomb-squad,8,Tim,3,3,1,0,0,1,0,1,1,0,0,0,0,0,,
smoking-bunts-2022-07-20-1830-napoli-bomb-squad,9,Stevie,2,1,0,0,0,0,0,1,0,0,0,1,0,0,,
smoking-bunts-2022-07-20-1830-napoli-bomb-squad,10,Jason,2,2,0,0,0,0,0,0,0,0,0,0,0,0,,
smoking-bunts-2022-07-20-1830-napoli-bomb-squad,11,Kives,2,0,0,0,0,0,0,1,1,1,0,1,0,0,,
smoking-bunts-2022-07-20-1830-napoli-bomb-squad,12,Corey,2,2,0,0,0,0,0,0,0,0,0,0,0,0,,
smoking-bunts-2022-07-20-1930-napoli-bomb-squad,1,Teo,4,3,3,1,2,0,0,2,1,0,0,1,0,0,,
smoking-bunts-2022-07-20-1930-napoli-bomb-squad,2,Glove,4,4,3,1,1,1,0,2,3,0,0,0,0,0,,
smoking-bunts-2022-07-20-1930-napoli-bomb-squad,3,Duff,3,2,2,1,0,1,0,1,2,0,0,1,0,0,,
smoking-bunts-2022-07-20-1930-napoli-bomb-squad,4,JT,3,3,2,1,1,0,0,1,1,0,0,0,0,0,,
smoking-bunts-2022-07-20-1930-napoli-bomb-squad,5,Porter,3,3,2,1,1,0,0,1,1,0,0,0,0,0,,
smoking-bunts-2022-07-20-1930-napoli-bomb-squad,6,Corey,3,2,2,2,0,0,0,2,1,0,0,1,0,0,,
smoking-bunts-2022-07-20-1930-napoli-bomb-squad,7,Stevie,3,2,1,1,0,0,0,0,1,1,0,0,0,0,,
smoking-bunts-2022-07-20-1930-napoli-bomb-squad,8,Kives,3,3,1,1,0,0,0,0,1,0,0,0,1,0,,
smoking-bunts-2022-07-20-1930-napoli-bomb-squad,9,JJ,4,4,1,0,1,0,0,2,1,0,0,0,0,0,,
smoking-bunts-2022-07-20-1930-napoli-bomb-squad,10,Tim,4,4,1,0,0,1,0,1,1,0,0,0,0,0,,
smoking-bunts-2022-07-20-1930-napoli-bomb-squad,11,Jason,3,3,0,0,0,0,0,0,0,0,1,0,0,0,,
smoking-bunts-2022-07-20-1930-napoli-bomb-squad,12,Layshock,3,2,0,0,0,0,0,1,0,0,0,1,0,0,,
smoking-bunts-2022-07-27-2030-bullseyes,1,Tim,4,4,4,1,1,0,2,4,4,0,0,0,0,0,,
smoking-bunts-2022-07-27-2030-bullseyes,2,Teo,4,4,3,0,0,0,3,4,4,0,0,0,1,0,,
smoking-bunts-2022-07-27-2030-bullseyes,3,Stevie,3,3,2,1,0,1,0,1,1,0,0,0,0,0,,
smoking-bunts-2022-07-27-2030-bullseyes,4,Kives,3,3,2,2,0,0,0,1,1,0,0,0,0,0,,
smoking-bunts-2022-07-27-2030-bullseyes,5,Glove,4,4,2,2,0,0,0,0,2,0,0,0,1,0,,
smoking-bunts-2022-07-27-2030-bullseyes,6,Porter,3,3,2,2,0,0,0,1,0,0,0,0,0,0,,
smoking-bunts-2022-07-27-2030-bullseyes,7,JJ,4,4,2,0,0,1,1,3,2,0,0,0,0,0,,
smoking-bunts-2022-07-27-2030-bullseyes,8,Jason,3,2,1,1,0,0,0,1,0,1,0,0,0,0,,
smoking-bunts-2022-07-27-2030-bullseyes,9,Layshock,2,2,1,0,1,0,0,1,0,0,0,0,0,0,,
smoking-bunts-2022-07-27-2030-bullseyes,10,Duff,3,3,1,0,0,1,0,0,1,0,0,0,1,0,,
smoking-bunts-2022-07-27-2030-bullseyes,11,JT,3,3,1,1,0,0,0,0,0,0,0,0,0,0,,
smoking-bunts-2022-07-27-2030-bullseyes,12,Corey,3,2,0,0,0,0,0,0,1,1,0,0,0,0,,
smoking-bunts-2022-07-27-2130-bullseyes,1,Kives,4,4,4,3,1,0,0,1,1,0,0,0,0,0,,
smoking-bunts-2022-07-27-2130-bullseyes,2,JJ,4,4,4,1,2,0,1,1,4,0,0,0,0,0,,
smoking-bunts-2022-07-27-2130-bullseyes,3,Glove,4,4,3,2,1,0,0,3,2,0,0,0,0,0,,
smoking-bunts-2022-07-27-2130-bullseyes,4,Porter,4,4,3,2,1,0,0,3,2,0,0,0,0,0,,
smoking-bunts-2022-07-27-2130-bullseyes,5,Teo,4,3,2,0,0,0,2,4,3,1,0,0,0,0,,
smoking-bunts-2022-07-27-2130-bullseyes,6,JT,4,4,2,2,0,0,0,2,2,0,0,0,0,0,,
smoking-bunts-2022-07-27-2130-bullseyes,7,Corey,3,3,2,1,1,0,0,1,2,0,0,0,0,0,,
smoking-bunts-2022-07-27-2130-bullseyes,8,Layshock,4,4,1,0,0,1,0,1,1,0,0,0,0,0,,
smoking-bunts-2022-07-27-2130-bullseyes,9,Duff,4,4,1,0,0,0,1,3,1,0,0,0,1,0,,
smoking-bunts-2022-07-27-2130-bullseyes,10,Tim,4,3,1,0,0,0,1,3,2,1,0,0,0,0,,
smoking-bunts-2022-07-27-2130-bullseyes,11,Stevie,3,3,0,0,0,0,0,0,0,0,0,0,0,0,,
smoking-bunts-2022-07-27-2130-bullseyes,12,Jason,3,1,0,0,0,0,0,0,2,2,0,0,0,0,,
smoking-bunts-2022-08-10-2030-uncomfortably-large,1,Tim,5,5,5,3,2,0,0,4,2,0,0,0,0,0,,
smoking-bunts-2022-08-10-2030-uncomfortably-large,2,Stevie,4,4,4,4,0,0,0,0,2,0,0,0,0,0,,
smoking-bunts-2022-08-10-2030-uncomfortably-large,3,Kives,4,4,4,3,0,1,0,3,2,0,0,0,0,0,,
smoking-bunts-2022-08-10-2030-uncomfortably-large,4,Teo,5,5,3,1,1,0,1,3,3,0,0,0,0,0,,
smoking-bunts-2022-08-10-2030-uncomfortably-large,5,Glove,5,5,3,3,0,0,0,2,2,0,0,0,0,0,,
smoking-bunts-2022-08-10-2030-uncomfortably-large,6,Porter,4,4,3,1,0,2,0,5,2,0,0,0,0,0,,
smoking-bunts-2022-08-10-2030-uncomfortably-large,7,Jason,4,4,2,2,0,0,0,0,2,0,1,0,0,0,,
smoking-bunts-2022-08-10-2030-uncomfortably-large,8,JT,4,4,2,0,1,1,0,2,2,0,0,0,1,0,,
smoking-bunts-2022-08-10-2030-uncomfortably-large,9,JJ,5,5,2,1,1,0,0,0,3,0,1,0,1,0,,
smoking-bunts-2022-08-10-2030-uncomfortably-large,10,Layshock,4,4,1,0,1,0,0,0,1,0,0,0,1,0,,
smoking-bunts-2022-08-10-2030-uncomfortably-large,11,Duff,4,4,1,1,0,0,0,2,0,0,0,0,0,0,,
smoking-bunts-2022-08-10-2030-uncomfortably-large,12,Corey,4,3,1,1,0,0,0,1,1,0,0,1,0,0,,
smoking-bunts-2022-08-10-2130-uncomfortably-large,1,Tim,4,4,4,1,1,0,2,4,3,0,0,0,0,0,,
smoking-bunts-2022-08-10-2130-uncomfortably-large,2,Porter,3,3,3,1,0,1,1,5,3,0,0,0,0,0,,
smoking-bunts-2022-08-10-2130-uncomfortably-large,3,Corey,3,3,3,2,1,0,0,2,2,0,0,0,0,0,,
smoking-bunts-2022-08-10-2130-uncomfortably-large,4,Layshock,3,3,2,1,0,0,1,3,2,0,0,0,0,0,,
smoking-bunts-2022-08-10-2130-uncomfortably-large,5,Duff,3,3,2,2,0,0,0,0,2,0,0,0,0,0,,
smoking-bunts-2022-08-10-2130-uncomfortably-large,6,JT,3,3,2,1,1,0,0,2,1,0,0,0,0,0,,
smoking-bunts-2022-08-10-2130-uncomfortably-large,7,Glove,4,4,2,0,1,1,0,2,2,0,0,0,0,0,,
smoking-bunts-2022-08-10-2130-uncomfortably-large,8,Teo,4,3,1,0,1,0,0,0,2,1,0,0,0,0,,
smoking-bunts-2022-08-10-2130-uncomfortably-large,9,Stevie,3,3,1,0,1,0,0,1,1,0,0,0,0,0,,
smoking-bunts-2022-08-10-2130-uncomfortably-large,10,Jason,3,3,1,1,0,0,0,1,1,0,0,0,0,0,,
smoking-bunts-2022-08-10-2130-uncomfortably-large,11,Kives,3,3,1,0,1,0,0,1,1,0,0,0,1,0,,
smoking-bunts-2022-08-10-2130-uncomfortably-large,12,JJ,3,2,0,0,0,0,0,0,1,1,0,0,0,0,,
smoking-bunts-2022-08-17-1830-bullseyes,1,Porter,3,3,3,0,0,2,1,1,3,0,0,0,0,0,,
smoking-bunts-2022-08-17-1830-bullseyes,2,Duff,3,3,2,2,0,0,0,1,1,0,0,0,0,0,,
smoking-bunts-2022-08-17-1830-bullseyes,3,Kives,3,3,2,1,0,1,0,2,1,0,0,0,0,0,,
smoking-bunts-2022-08-17-1830-bullseyes,4,Glove,3,3,2,2,0,0,0,0,1,0,0,0,0,0,,
smoking-bunts-2022-08-17-1830-bullseyes,5,Teo,3,3,1,0,0,0,1,2,1,0,0,0,0,0,,
smoking-bunts-2022-08-17-1830-bullseyes,6,JT,3,2,1,0,1,0,0,0,1,1,0,0,0,0,,
smoking-bunts-2022-08-17-1830-bullseyes,7,JJ,3,2,1,1,0,0,0,1,1,0,0,1,0,0,,
smoking-bunts-2022-08-17-1830-bullseyes,8,Tim,3,3,1,0,0,0,1,2,2,0,0,0,1,0,,
smoking-bunts-2022-08-17-1830-bullseyes,9,Stevie,3,2,0,0,0,0,0,1,0,1,0,0,1,0,,
smoking-bunts-2022-08-17-1830-bullseyes,10,Jason,2,2,0,0,0,0,0,0,0,0,1,0,1,0,,
smoking-bunts-2022-08-17-1830-bullseyes,11,Layshock,3,1,0,0,0,0,0,0,0,2,0,0,0,0,,
smoking-bunts-2022-08-17-1830-bullseyes,12,Corey,3,3,0,0,0,0,0,1,0,0,0,0,1,0,,
smoking-bunts-2022-08-17-2030-ringers,1,Glove,4,4,4,3,1,0,0,2,3,0,0,0,0,0,,
smoking-bunts-2022-08-17-2030-ringers,2,Tim,4,4,3,0,0,1,2,5,3,0,0,0,0,0,,
smoking-bunts-2022-08-17-2030-ringers,3,Stevie,3,3,2,2,0,0,0,0,1,0,0,0,0,0,,
smoking-bunts-2022-08-17-2030-ringers,4,Layshock,3,3,2,1,0,0,1,4,1,0,0,0,0,0,,
smoking-bunts-2022-08-17-2030-ringers,5,Duff,4,4,2,2,0,0,0,0,1,0,0,0,0,0,,
smoking-bunts-2022-08-17-2030-ringers,6,Kives,4,4,2,2,0,0,0,1,0,0,0,0,0,0,,
smoking-bunts-2022-08-17-2030-ringers,7,Porter,4,3,2,0,2,0,0,2,2,0,0,1,0,0,,
smoking-bunts-2022-08-17-2030-ringers,8,Teo,4,1,1,0,0,0,1,1,2,3,0,0,0,0,,
smoking-bunts-2022-08-17-2030-ringers,9,JT,4,3,1,1,0,0,0,0,2,1,0,0,1,0,,
smoking-bunts-2022-08-17-2030-ringers,10,Corey,3,3,1,1,0,0,0,0,1,0,0,0,0,0,,
smoking-bunts-2022-08-17-2030-ringers,11,JJ,4,3,1,0,0,0,1,2,1,1,1,0,0,0,,
smoking-bunts-2022-08-17-2030-ringers,12,Jason,3,3,0,0,0,0,0,0,0,0,0,0,0,0,,
smoking-bunts-2022-08-17-2130-napoli-bomb-squad,1,Corey,2,2,2,2,0,0,0,0,0,0,0,0,0,0,,
smoking-bunts-2022-08-17-2130-napoli-bomb-squad,2,Layshock,2,2,1,1,0,0,0,0,0,0,0,0,0,0,,
smoking-bunts-2022-08-17-2130-napoli-bomb-squad,3,Kives,3,3,1,1,0,0,0,0,0,0,0,0,0,0,,
smoking-bunts-2022-08-17-2130-napoli-bomb-squad,4,Glove,3,3,1,0,0,0,1,1,1,0,0,0,0,0,,
smoking-bunts-2022-08-17-2130-napoli-bomb-squad,5,Porter,3,3,1,0,0,0,1,1,1,0,0,0,0,0,,
smoking-bunts-2022-08-17-2130-napoli-bomb-squad,6,JJ,2,1,1,1,0,0,0,0,0,1,0,0,0,0,,
smoking-bunts-2022-08-17-2130-napoli-bomb-squad,7,Tim,3,3,1,0,0,0,1,1,1,0,0,0,0,0,,
smoking-bunts-2022-08-17-2130-napoli-bomb-squad,8,Teo,3,3,0,0,0,0,0,0,0,0,0,0,0,0,,
smoking-bunts-2022-08-17-2130-napoli-bomb-squad,9,Stevie,2,2,0,0,0,0,0,0,0,0,0,0,0,0,,
smoking-bunts-2022-08-17-2130-napoli-bomb-squad,10,Jason,2,2,0,0,0,0,0,0,0,0,0,0,0,0,,
smoking-bunts-2022-08-17-2130-napoli-bomb-squad,11,Duff,2,2,0,0,0,0,0,0,0,0,0,0,0,0,,
smoking-bunts-2022-08-17-2130-napoli-bomb-squad,12,JT,2,2,0,0,0,0,0,0,0,0,0,0,0,0,,
maple-tree-tappers-2025-06-25-1730-caught-looking,1,Glove,4,4,4,3,1,0,0,1,1,0,0,0,0,,,
maple-tree-tappers-2025-06-25-1730-caught-looking,2,JJ,4,4,3,3,0,0,0,0,0,0,0,0,0,,,
maple-tree-tappers-2025-06-25-1730-caught-looking,3,Kives,4,4,2,1,0,0,1,3,2,0,0,0,0,,,
maple-tree-tappers-2025-06-25-1730-caught-looking,4,Slomka,4,4,2,2,0,0,0,0,1,0,0,0,1,,,
maple-tree-tappers-2025-06-25-1730-caught-looking,5,Porter,4,4,2,1,1,0,0,1,1,0,0,0,0,,,
maple-tree-tappers-2025-06-25-1730-caught-looking,6,Joel,3,3,2,2,0,0,0,1,2,0,0,0,0,,,
maple-tree-tappers-2025-06-25-1730-caught-looking,7,Duff,4,4,2,2,0,0,0,1,1,0,0,0,0,,,
maple-tree-tappers-2025-06-25-1730-caught-looking,8,Tristan,4,4,1,1,0,0,0,1,0,0,0,0,1,,,
maple-tree-tappers-2025-06-25-1730-caught-looking,9,Corey,3,3,1,1,0,0,0,1,1,0,0,0,0,,,
maple-tree-tappers-2025-06-25-1730-caught-looking,10,Snaxx,3,3,0,0,0,0,0,0,0,0,0,0,0,,,
maple-tree-tappers-2025-06-25-1830-caught-looking,1,Snaxx,2,2,2,2,0,0,0,0,1,0,0,0,0,,,
maple-tree-tappers-2025-06-25-1830-caught-looking,2,Kives,2,2,1,1,0,0,0,0,1,0,0,0,0,,,
maple-tree-tappers-2025-06-25-1830-caught-looking,3,JJ,2,2,1,0,0,1,0,3,1,0,0,0,0,,,
maple-tree-tappers-2025-06-25-1830-caught-looking,4,Slomka,2,2,1,1,0,0,0,1,0,0,0,0,0,,,
maple-tree-tappers-2025-06-25-1830-caught-looking,5,Porter,3,3,1,1,0,0,0,0,1,0,0,0,0,,,
maple-tree-tappers-2025-06-25-1830-caught-looking,6,Tristan,1,1,0,0,0,0,0,0,0,0,0,0,0,,,
maple-tree-tappers-2025-06-25-1830-caught-looking,7,Glove,3,3,0,0,0,0,0,0,0,0,0,0,0,,,
maple-tree-tappers-2025-06-25-1830-caught-looking,8,Joel,2,2,0,0,0,0,0,0,0,0,0,0,0,,,
maple-tree-tappers-2025-06-25-1830-caught-looking,9,Corey,2,2,0,0,0,0,0,0,0,0,1,0,0,,,
maple-tree-tappers-2025-06-25-1830-caught-looking,10,Duff,2,2,0,0,0,0,0,0,0,0,0,0,0,,,
maple-tree-tappers-2025-07-02-1830-masters,1,Glove,2,1,1,1,0,0,0,0,1,1,0,0,0,,,
maple-tree-tappers-2025-07-02-1830-masters,2,JJ,2,2,1,1,0,0,0,0,1,0,0,0,1,,,
maple-tree-tappers-2025-07-02-1830-masters,3,Porter,2,1,1,1,0,0,0,1,0,1,0,0,0,,,
maple-tree-tappers-2025-07-02-1830-masters,4,Joel,2,2,1,0,1,0,0,0,0,0,0,0,0,,,
maple-tree-tappers-2025-07-02-1830-masters,5,Bruns,2,2,1,1,0,0,0,0,0,0,0,0,0,,,
maple-tree-tappers-2025-07-02-1830-masters,6,Kives,2,2,0,0,0,0,0,1,0,0,0,0,1,,,
maple-tree-tappers-2025-07-02-1830-masters,7,Slomka,2,2,0,0,0,0,0,0,0,0,0,0,0,,,
maple-tree-tappers-2025-07-02-1830-masters,8,Jason,1,1,0,0,0,0,0,0,0,0,0,0,0,,,
maple-tree-tappers-2025-07-02-1830-masters,9,Snaxx,2,2,0,0,0,0,0,0,0,0,0,0,0,,,
maple-tree-tappers-2025-07-02-1830-masters,10,Corey,2,2,0,0,0,0,0,0,0,0,1,0,1,,,
maple-tree-tappers-2025-07-02-1830-masters,11,Duff,2,2,0,0,0,0,0,0,0,0,0,0,0,,,
maple-tree-tappers-2025-07-02-1930-masters,1,Glove,3,3,2,1,1,0,0,3,0,0,0,0,0,,,
maple-tree-tappers-2025-07-02-1930-masters,2,JJ,3,3,1,1,0,0,0,0,0,0,0,0,0,,,
maple-tree-tappers-2025-07-02-1930-masters,3,Joel,2,2,1,1,0,0,0,0,1,0,0,0,0,,,
maple-tree-tappers-2025-07-02-1930-masters,4,Bruns,3,3,1,1,0,0,0,0,0,0,0,0,1,,,
maple-tree-tappers-2025-07-02-1930-masters,5,Corey,2,2,1,0,0,0,1,0,1,0,0,0,0,,,
maple-tree-tappers-2025-07-02-1930-masters,6,Duff,2,2,1,1,0,0,0,0,0,0,0,0,0,,,
maple-tree-tappers-2025-07-02-1930-masters,7,Kives,2,2,1,1,0,0,0,0,0,0,0,0,0,,,
maple-tree-tappers-2025-07-02-1930-masters,8,Slomka,2,2,0,0,0,0,0,0,0,0,0,0,0,,,
maple-tree-tappers-2025-07-02-1930-masters,9,Porter,2,2,0,0,0,0,0,0,0,0,0,0,0,,,
maple-tree-tappers-2025-07-02-1930-masters,10,Jason,2,0,0,0,0,0,0,0,1,2,0,0,0,,,
maple-tree-tappers-2025-07-02-1930-masters,11,Snaxx,2,2,0,0,0,0,0,0,0,0,0,0,0,,,
maple-tree-tappers-2025-07-02-1930-masters,12,Walsh,1,1,0,0,0,0,0,0,0,0,0,0,0,,,
maple-tree-tappers-2025-07-09-2030-nuke-town,1,Kives,3,3,3,2,0,1,0,5,3,0,0,0,0,,,
maple-tree-tappers-2025-07-09-2030-nuke-town,2,Joel,3,3,3,3,0,0,0,2,3,0,0,0,0,,,
maple-tree-tappers-2025-07-09-2030-nuke-town,3,Tristan,3,2,2,2,0,0,0,1,3,1,0,0,0,,,
maple-tree-tappers-2025-07-09-2030-nuke-town,4,JJ,3,3,2,2,0,0,0,0,2,0,0,0,0,,,
maple-tree-tappers-2025-07-09-2030-nuke-town,5,Slomka,3,3,2,2,0,0,0,2,1,0,0,0,0,,,
maple-tree-tappers-2025-07-09-2030-nuke-town,6,Walsh,3,3,2,1,0,1,0,3,0,0,0,0,0,,,
maple-tree-tappers-2025-07-09-2030-nuke-town,7,Glove,3,3,1,1,0,0,0,0,2,0,0,0,1,,,
maple-tree-tappers-2025-07-09-2030-nuke-town,8,Jason,3,2,1,1,0,0,0,0,0,1,0,0,1,,,
maple-tree-tappers-2025-07-09-2030-nuke-town,9,Snaxx,3,3,1,1,0,0,0,1,0,0,0,0,0,,,
maple-tree-tappers-2025-07-09-2030-nuke-town,10,Corey,3,3,1,1,0,0,0,0,0,0,0,0,1,,,
maple-tree-tappers-2025-07-09-2030-nuke-town,11,Duff,3,2,0,0,0,0,0,0,0,1,0,0,0,,,
maple-tree-tappers-2025-07-09-2130-nuke-town,1,Corey,3,3,1,0,1,0,0,0,1,0,0,0,0,,,
maple-tree-tappers-2025-07-09-2130-nuke-town,2,Duff,3,3,0,0,0,0,0,0,0,0,1,0,0,,,
maple-tree-tappers-2025-07-09-2130-nuke-town,3,Glove,4,4,3,3,0,0,0,1,2,0,0,0,0,,,
maple-tree-tappers-2025-07-09-2130-nuke-town,4,JJ,4,4,3,2,0,0,1,2,1,0,0,0,0,,,
maple-tree-tappers-2025-07-09-2130-nuke-town,5,Jason,3,3,0,0,0,0,0,0,1,0,0,0,1,,,
maple-tree-tappers-2025-07-09-2130-nuke-town,6,Joel,3,3,2,1,1,0,0,1,1,0,0,0,0,,,
maple-tree-tappers-2025-07-09-2130-nuke-town,7,Kives,4,4,2,1,0,1,0,1,1,0,0,0,0,,,
maple-tree-tappers-2025-07-09-2130-nuke-town,8,Slomka,3,3,2,1,1,0,0,1,0,0,0,0,0,,,
maple-tree-tappers-2025-07-09-2130-nuke-town,9,Snaxx,3,3,1,1,0,0,0,0,0,0,0,0,0,,,
maple-tree-tappers-2025-07-09-2130-nuke-town,10,Tristan,4,3,1,1,0,0,0,2,2,0,0,1,1,,,
maple-tree-tappers-2025-07-09-2130-nuke-town,11,Walsh,3,3,1,0,0,0,1,2,1,0,0,0,1,,,
maple-tree-tappers-2025-07-16-2030-yard-goats,1,Glove,3,3,3,2,1,0,0,0,3,0,0,0,0,,,
maple-tree-tappers-2025-07-16-2030-yard-goats,2,Slomka,3,3,3,3,0,0,0,2,0,0,0,0,0,,,
maple-tree-tappers-2025-07-16-2030-yard-goats,3,Bruns,3,3,3,1,1,0,1,1,3,0,0,0,0,,,
maple-tree-tappers-2025-07-16-2030-yard-goats,4,Snaxx,3,3,2,2,0,0,0,1,0,0,0,0,0,,,
maple-tree-tappers-2025-07-16-2030-yard-goats,5,Kives,3,2,1,1,0,0,0,1,0,1,0,0,0,,,
maple-tree-tappers-2025-07-16-2030-yard-goats,6,Tristan,3,2,1,0,0,0,1,5,1,0,0,1,0,,,
maple-tree-tappers-2025-07-16-2030-yard-goats,7,JJ,3,1,1,1,0,0,0,0,1,2,0,0,0,,,
maple-tree-tappers-2025-07-16-2030-yard-goats,8,Walsh,3,2,1,1,0,0,0,0,1,1,0,0,0,,,
maple-tree-tappers-2025-07-16-2030-yard-goats,9,Duff,3,2,1,1,0,0,0,1,1,1,0,0,0,,,
maple-tree-tappers-2025-07-16-2030-yard-goats,10,Porter,3,2,0,0,0,0,0,0,1,1,0,0,0,,,
maple-tree-tappers-2025-07-16-2030-yard-goats,11,Joel,3,3,0,0,0,0,0,0,0,0,0,0,0,,,
maple-tree-tappers-2025-07-16-2030-yard-goats,12,Corey,3,3,0,0,0,0,0,0,0,0,0,0,1,,,
maple-tree-tappers-2025-07-16-2130-yard-goats,1,Bruns,3,3,3,3,0,0,0,2,1,0,0,0,0,,,
maple-tree-tappers-2025-07-16-2130-yard-goats,2,Tristan,3,2,2,2,0,0,0,1,3,1,0,0,0,,,
maple-tree-tappers-2025-07-16-2130-yard-goats,3,Snaxx,2,2,2,2,0,0,0,0,0,0,0,0,0,,,
maple-tree-tappers-2025-07-16-2130-yard-goats,4,Walsh,2,2,2,1,0,1,0,2,0,0,0,0,0,,,
maple-tree-tappers-2025-07-16-2130-yard-goats,5,Kives,3,3,0,0,0,0,0,2,1,0,0,0,2,,,
maple-tree-tappers-2025-07-16-2130-yard-goats,6,Glove,3,3,1,0,0,1,0,0,1,0,0,0,1,,,
maple-tree-tappers-2025-07-16-2130-yard-goats,7,JJ,3,2,1,1,0,0,0,0,2,1,0,0,0,,,
maple-tree-tappers-2025-07-16-2130-yard-goats,8,Corey,2,2,1,1,0,0,0,1,1,0,0,0,0,,,
maple-tree-tappers-2025-07-16-2130-yard-goats,9,Duff,2,2,1,1,0,0,0,0,0,0,1,0,0,,,
maple-tree-tappers-2025-07-16-2130-yard-goats,10,Slomka,3,3,0,0,0,0,0,0,0,0,1,0,1,,,
maple-tree-tappers-2025-07-16-2130-yard-goats,11,Porter,3,2,0,0,0,0,0,0,0,1,0,0,1,,,
maple-tree-tappers-2025-07-16-2130-yard-goats,12,Joel,3,3,0,0,0,0,0,0,0,0,1,0,0,,,
maple-tree-tappers-2025-07-23-1930-no-dice,1,Glove,3,3,2,2,0,0,0,0,2,0,0,0,0,,,
maple-tree-tappers-2025-07-23-1930-no-dice,2,JJ,3,3,2,2,0,0,0,1,0,0,0,0,0,,,
maple-tree-tappers-2025-07-23-1930-no-dice,3,Snaxx,2,2,2,2,0,0,0,0,0,0,0,0,0,,,
maple-tree-tappers-2025-07-23-1930-no-dice,4,Corey,2,2,2,2,0,0,0,0,1,0,0,0,0,,,
maple-tree-tappers-2025-07-23-1930-no-dice,5,Joel,3,3,1,1,0,0,0,1,1,0,0,0,1,,,
maple-tree-tappers-2025-07-23-1930-no-dice,6,Jason,2,2,1,1,0,0,0,1,1,0,0,0,1,,,
maple-tree-tappers-2025-07-23-1930-no-dice,7,Walsh,3,3,1,0,1,0,0,2,0,0,0,0,0,,,
maple-tree-tappers-2025-07-23-1930-no-dice,8,Kives,3,3,0,0,0,0,0,0,0,0,0,0,1,,,
maple-tree-tappers-2025-07-23-1930-no-dice,9,Slomka,2,2,0,0,0,0,0,0,0,0,0,0,0,,,
maple-tree-tappers-2025-07-23-1930-no-dice,10,Duff,2,2,0,0,0,0,0,0,1,0,1,0,1,,,
maple-tree-tappers-2025-07-23-2030-no-dice,1,Glove,2,2,1,1,0,0,0,0,0,0,0,0,0,,,
maple-tree-tappers-2025-07-23-2030-no-dice,2,JJ,2,2,1,1,0,0,0,0,0,0,0,0,0,,,
maple-tree-tappers-2025-07-23-2030-no-dice,3,Slomka,2,2,1,1,0,0,0,0,0,0,0,0,0,,,
maple-tree-tappers-2025-07-23-2030-no-dice,4,Corey,2,2,1,1,0,0,0,0,0,0,0,0,0,,,
maple-tree-tappers-2025-07-23-2030-no-dice,5,Kives,1,1,0,0,0,0,0,0,0,0,0,0,0,,,
maple-tree-tappers-2025-07-23-2030-no-dice,6,Joel,2,2,0,0,0,0,0,0,0,0,1,0,0,,,
maple-tree-tappers-2025-07-23-2030-no-dice,7,Jason,1,1,0,0,0,0,0,0,0,0,0,0,0,,,
maple-tree-tappers-2025-07-23-2030-no-dice,8,Snaxx,2,2,0,0,0,0,0,0,0,0,0,0,0,,,
maple-tree-tappers-2025-07-23-2030-no-dice,9,Walsh,2,2,0,0,0,0,0,0,0,0,0,0,0,,,
maple-tree-tappers-2025-07-23-2030-no-dice,10,Duff,2,2,0,0,0,0,0,0,0,0,0,0,0,,,
maple-tree-tappers-2025-07-30-2030-wasted-talent,1,Glove,4,4,4,1,2,1,0,5,3,0,0,0,0,,,
maple-tree-tappers-2025-07-30-2030-wasted-talent,2,JJ,4,4,3,2,0,1,0,3,1,0,1,0,0,,,
maple-tree-tappers-2025-07-30-2030-wasted-talent,3,Joel,3,3,3,3,0,0,0,1,1,0,0,0,0,,,
maple-tree-tappers-2025-07-30-2030-wasted-talent,4,Kives,3,3,2,2,0,0,0,1,0,0,0,0,0,,,
maple-tree-tappers-2025-07-30-2030-wasted-talent,5,Snaxx,3,3,2,2,0,0,0,1,1,0,0,0,0,,,
maple-tree-tappers-2025-07-30-2030-wasted-talent,6,Walsh,4,4,2,2,0,0,0,0,0,0,0,0,0,,,
maple-tree-tappers-2025-07-30-2030-wasted-talent,7,Duff,3,3,2,1,1,0,0,2,3,0,0,0,1,,,
maple-tree-tappers-2025-07-30-2030-wasted-talent,8,Tristan,4,3,1,1,0,0,0,2,1,0,0,1,1,,,
maple-tree-tappers-2025-07-30-2030-wasted-talent,9,Jason,3,2,1,1,0,0,0,0,2,1,1,0,0,,,
maple-tree-tappers-2025-07-30-2030-wasted-talent,10,Bruns,4,3,1,0,1,0,0,1,1,1,0,0,0,,,
maple-tree-tappers-2025-07-30-2030-wasted-talent,11,Corey,3,3,1,1,0,0,0,0,1,0,0,0,1,,,
maple-tree-tappers-2025-07-30-2030-wasted-talent,12,Slomka,3,3,0,0,0,0,0,0,1,0,0,0,1,,,
maple-tree-tappers-2025-07-30-2030-wasted-talent,13,Porter,3,3,0,0,0,0,0,0,1,0,0,0,1,,,
maple-tree-tappers-2025-07-30-2100-wasted-talent,1,Glove,3,3,2,1,1,0,0,1,1,0,0,0,0,,,
maple-tree-tappers-2025-07-30-2100-wasted-talent,2,JJ,3,3,2,0,1,0,1,3,2,0,0,0,0,,,
maple-tree-tappers-2025-07-30-2100-wasted-talent,3,Slomka,3,3,2,2,0,0,0,2,1,0,0,0,0,,,
maple-tree-tappers-2025-07-30-2100-wasted-talent,4,Porter,3,2,2,0,1,1,0,2,1,1,0,0,0,,,
maple-tree-tappers-2025-07-30-2100-wasted-talent,5,Duff,3,3,2,1,0,1,0,0,1,0,0,0,0,,,
maple-tree-tappers-2025-07-30-2100-wasted-talent,6,Kives,3,3,1,0,1,0,0,1,1,0,0,0,0,,,
maple-tree-tappers-2025-07-30-2100-wasted-talent,7,Tristan,3,3,1,1,0,0,0,0,1,0,0,0,0,,,
maple-tree-tappers-2025-07-30-2100-wasted-talent,8,Joel,3,2,1,1,0,0,0,1,1,0,0,1,0,,,
maple-tree-tappers-2025-07-30-2100-wasted-talent,9,Jason,3,3,1,1,0,0,0,0,0,0,0,0,0,,,
maple-tree-tappers-2025-07-30-2100-wasted-talent,10,Bruns,3,2,1,1,0,0,0,0,1,1,0,0,0,,,
maple-tree-tappers-2025-07-30-2100-wasted-talent,11,Snaxx,3,3,1,1,0,0,0,0,0,0,0,0,0,,,
maple-tree-tappers-2025-07-30-2100-wasted-talent,12,Walsh,3,3,1,1,0,0,0,0,0,0,0,0,0,,,
maple-tree-tappers-2025-07-30-2100-wasted-talent,13,Corey,3,3,0,0,0,0,0,0,0,0,0,0,0,,,
maple-tree-tappers-2025-08-13-1930-masters,1,Kives,2,2,2,2,0,0,0,1,2,0,0,0,0,,,
maple-tree-tappers-2025-08-13-1930-masters,2,Tristan,3,3,2,2,0,0,0,2,2,0,0,0,0,,,
maple-tree-tappers-2025-08-13-1930-masters,3,Joel,2,2,2,2,0,0,0,1,0,0,0,0,0,,,
maple-tree-tappers-2025-08-13-1930-masters,4,Snaxx,2,2,2,2,0,0,0,1,0,0,0,0,0,,,
maple-tree-tappers-2025-08-13-1930-masters,5,Glove,3,3,1,0,0,1,0,0,1,0,0,0,0,,,
maple-tree-tappers-2025-08-13-1930-masters,6,JJ,3,2,1,1,0,0,0,0,2,1,0,0,0,,,
maple-tree-tappers-2025-08-13-1930-masters,7,Porter,2,1,1,1,0,0,0,1,1,0,0,1,0,,,
maple-tree-tappers-2025-08-13-1930-masters,8,Corey,2,2,1,1,0,0,0,0,0,0,0,0,0,,,
maple-tree-tappers-2025-08-13-1930-masters,9,Walsh,2,2,1,0,1,0,0,2,1,0,0,0,0,,,
maple-tree-tappers-2025-08-13-1930-masters,10,Slomka,2,2,0,0,0,0,0,0,0,0,0,0,0,,,
maple-tree-tappers-2025-08-13-1930-masters,11,Jason,2,2,0,0,0,0,0,0,0,0,1,0,0,,,
maple-tree-tappers-2025-08-13-1930-masters,12,Duff,2,2,0,0,0,0,0,0,0,0,0,0,0,,,
maple-tree-fall-2025-08-20-2030-bullseyes,1,Snaxx,4,4,4,3,1,0,0,0,1,0,0,0,0,,,
maple-tree-fall-2025-08-20-2030-bullseyes,2,JJ,4,4,4,4,0,0,0,1,3,0,0,0,0,,,
maple-tree-fall-2025-08-20-2030-bullseyes,3,Tristan,4,4,2,2,0,0,0,1,0,0,0,0,0,,,
maple-tree-fall-2025-08-20-2030-bullseyes,4,Glove,4,4,2,1,1,0,0,1,3,0,0,0,1,,,
maple-tree-fall-2025-08-20-2030-bullseyes,5,Kives,4,4,2,2,0,0,0,4,0,0,0,0,0,,,
maple-tree-fall-2025-08-20-2030-bullseyes,6,Jason,3,3,2,2,0,0,0,1,1,0,1,0,0,,,
maple-tree-fall-2025-08-20-2030-bullseyes,7,Duff,4,3,2,2,0,0,0,0,1,1,0,0,0,,,
maple-tree-fall-2025-08-20-2030-bullseyes,8,Corey,4,4,1,1,0,0,0,1,1,0,0,0,1,,,
maple-tree-fall-2025-08-20-2030-bullseyes,9,Porter,4,4,1,1,0,0,0,0,0,0,1,0,0,,,
maple-tree-fall-2025-08-20-2030-bullseyes,10,Joel,4,4,0,0,0,0,0,1,0,0,0,0,0,,,
maple-tree-fall-2025-08-20-2130-bullseyes,1,Tristan,5,4,4,2,0,0,2,6,3,1,0,0,0,,,
maple-tree-fall-2025-08-20-2130-bullseyes,2,Snaxx,4,4,3,2,1,0,0,3,0,0,0,0,0,,,
maple-tree-fall-2025-08-20-2130-bullseyes,3,JJ,5,4,3,2,1,0,0,3,3,1,0,0,0,,,
maple-tree-fall-2025-08-20-2130-bullseyes,4,Kives,5,3,3,2,0,1,0,3,2,0,0,2,0,,,
maple-tree-fall-2025-08-20-2130-bullseyes,5,Porter,4,4,3,1,2,0,0,2,2,0,0,0,0,,,
maple-tree-fall-2025-08-20-2130-bullseyes,6,Duff,4,3,3,1,1,1,0,0,4,1,0,0,0,,,
maple-tree-fall-2025-08-20-2130-bullseyes,7,Joel,5,5,2,2,0,0,0,2,2,0,0,0,1,,,
maple-tree-fall-2025-08-20-2130-bullseyes,8,Glove,5,3,1,1,0,0,0,4,4,1,0,1,2,,,
maple-tree-fall-2025-08-20-2130-bullseyes,9,Jason,4,1,1,1,0,0,0,0,2,3,0,0,0,,,
maple-tree-fall-2025-08-20-2130-bullseyes,10,Corey,4,3,0,0,0,0,0,0,1,1,0,0,0,,,
maple-tree-fall-2025-08-27-1830-yard-goats,1,Bruns,3,3,2,2,0,0,0,0,0,0,0,0,0,,,
maple-tree-fall-2025-08-27-1830-yard-goats,2,Tristan,3,3,2,1,0,0,1,1,2,0,0,0,0,,,
maple-tree-fall-2025-08-27-1830-yard-goats,3,Mike,2,2,1,0,1,0,0,0,0,0,1,0,0,,,
maple-tree-fall-2025-08-27-1830-yard-goats,4,Snaxx,2,2,1,1,0,0,0,1,0,0,0,0,1,,,
maple-tree-fall-2025-08-27-1830-yard-goats,5,Duff,2,2,1,1,0,0,0,0,1,0,0,0,0,,,
maple-tree-fall-2025-08-27-1830-yard-goats,6,JJ,3,2,0,0,0,0,0,0,0,1,0,0,0,,,
maple-tree-fall-2025-08-27-1830-yard-goats,7,Corey,2,1,0,0,0,0,0,1,0,0,0,1,0,,,
maple-tree-fall-2025-08-27-1830-yard-goats,8,Kives,2,2,0,0,0,0,0,0,0,0,0,0,2,,,
maple-tree-fall-2025-08-27-1830-yard-goats,9,Porter,2,2,0,0,0,0,0,0,0,0,1,0,0,,,
maple-tree-fall-2025-08-27-1830-yard-goats,10,Jason,2,2,0,0,0,0,0,0,0,0,1,0,0,,,
maple-tree-fall-2025-08-27-1930-yard-goats,1,Bruns,3,3,2,1,1,0,0,1,0,0,0,0,0,,,
maple-tree-fall-2025-08-27-1930-yard-goats,2,Tristan,3,3,2,0,1,0,1,1,2,0,0,0,0,,,
maple-tree-fall-2025-08-27-1930-yard-goats,3,Snaxx,2,2,1,1,0,0,0,0,0,0,0,0,0,,,
maple-tree-fall-2025-08-27-1930-yard-goats,4,JJ,3,3,1,1,0,0,0,0,0,0,0,0,0,,,
maple-tree-fall-2025-08-27-1930-yard-goats,5,Corey,2,2,1,1,0,0,0,0,0,0,0,0,0,,,
maple-tree-fall-2025-08-27-1930-yard-goats,6,Kives,3,3,1,1,0,0,0,0,0,0,0,0,0,,,
maple-tree-fall-2025-08-27-1930-yard-goats,7,Duff,2,1,1,1,0,0,0,0,0,1,0,0,0,,,
maple-tree-fall-2025-08-27-1930-yard-goats,8,Mike,2,2,0,0,0,0,0,0,0,0,0,0,0,,,
maple-tree-fall-2025-08-27-1930-yard-goats,9,Porter,2,2,0,0,0,0,0,0,0,0,0,0,0,,,
maple-tree-fall-2025-08-27-1930-yard-goats,10,Jason,2,2,0,0,0,0,0,0,0,0,1,0,0,,,
maple-tree-fall-2025-09-03-1830-no-dice,1,Tristan,3,3,3,2,1,0,0,0,2,0,0,0,0,,,
maple-tree-fall-2025-09-03-1830-no-dice,2,Kives,3,3,3,1,2,0,0,4,2,0,0,0,0,,,
maple-tree-fall-2025-09-03-1830-no-dice,3,JJ,3,3,2,1,0,0,1,2,2,0,1,0,0,,,
maple-tree-fall-2025-09-03-1830-no-dice,4,Jason,3,3,2,2,0,0,0,0,2,0,0,0,1,,,
maple-tree-fall-2025-09-03-1830-no-dice,5,Snaxx,3,3,1,1,0,0,0,0,0,0,0,0,0,,,
maple-tree-fall-2025-09-03-1830-no-dice,6,Mr. Atkins,3,2,1,1,0,0,0,2,0,0,0,1,0,,,
maple-tree-fall-2025-09-03-1830-no-dice,7,Glove,4,4,1,1,0,0,0,1,1,0,0,0,0,,,
maple-tree-fall-2025-09-03-1830-no-dice,8,Corey,3,2,1,1,0,0,0,0,1,1,0,0,0,,,
maple-tree-fall-2025-09-03-1830-no-dice,9,Duff,3,3,1,1,0,0,0,1,0,0,0,0,1,,,
maple-tree-fall-2025-09-03-1830-no-dice,10,Joel,3,3,0,0,0,0,0,0,0,0,0,0,0,,,
maple-tree-fall-2025-09-03-1930-no-dice,1,JJ,5,4,4,1,3,0,0,4,2,1,0,0,0,,,
maple-tree-fall-2025-09-03-1930-no-dice,2,Tristan,5,5,3,1,0,0,2,5,2,0,0,0,0,,,
maple-tree-fall-2025-09-03-1930-no-dice,3,Corey,4,4,3,3,0,0,0,0,2,0,0,0,0,,,
maple-tree-fall-2025-09-03-1930-no-dice,4,Kives,5,5,3,1,0,2,0,0,3,0,0,0,0,,,
maple-tree-fall-2025-09-03-1930-no-dice,5,Snaxx,5,5,2,2,0,0,0,1,1,0,0,0,0,,,
maple-tree-fall-2025-09-03-1930-no-dice,6,Mr. Atkins,5,5,2,2,0,0,0,1,1,0,0,0,0,,,
maple-tree-fall-2025-09-03-1930-no-dice,7,Glove,5,4,2,1,0,0,1,5,3,0,1,1,1,,,
maple-tree-fall-2025-09-03-1930-no-dice,8,Jason,4,3,2,2,0,0,0,0,2,1,0,0,1,,,
maple-tree-fall-2025-09-03-1930-no-dice,9,Duff,5,4,2,0,1,1,0,3,1,0,0,1,0,,,
maple-tree-fall-2025-09-03-1930-no-dice,10,Joel,4,4,1,1,0,0,0,0,2,0,0,0,1,,,
maple-tree-fall-2025-09-10-1830-wasted-talent,1,Tristan,3,3,3,1,0,0,2,5,3,0,0,0,0,,,
maple-tree-fall-2025-09-10-1830-wasted-talent,2,Joel,3,3,2,1,1,0,0,1,0,0,0,0,0,,,
maple-tree-fall-2025-09-10-1830-wasted-talent,3,JJ,4,4,2,2,0,0,0,0,2,0,1,0,0,,,
maple-tree-fall-2025-09-10-1830-wasted-talent,4,Walsh,3,3,2,0,1,0,1,2,1,0,0,0,0,,,
maple-tree-fall-2025-09-10-1830-wasted-talent,5,Snaxx,3,3,1,1,0,0,0,0,0,0,0,0,0,,,
maple-tree-fall-2025-09-10-1830-wasted-talent,6,Porter,3,3,1,1,0,0,0,0,1,0,1,0,0,,,
maple-tree-fall-2025-09-10-1830-wasted-talent,7,Jason,3,1,1,0,1,0,0,0,1,2,0,0,0,,,
maple-tree-fall-2025-09-10-1830-wasted-talent,8,Duff,3,3,1,1,0,0,0,0,0,0,0,0,0,,,
maple-tree-fall-2025-09-10-1830-wasted-talent,9,Glove,4,4,0,0,0,0,0,0,0,0,0,0,0,,,
maple-tree-fall-2025-09-10-1830-wasted-talent,10,Corey,3,3,0,0,0,0,0,0,0,0,0,0,0,,,
maple-tree-fall-2025-09-10-1830-wasted-talent,11,Kives,3,3,0,0,0,0,0,0,0,0,0,0,0,,,
maple-tree-fall-2025-09-10-1930-wasted-talent,1,Tristan,5,5,5,1,2,0,2,7,2,0,0,0,0,,,
maple-tree-fall-2025-09-10-1930-wasted-talent,2,Porter,5,5,4,2,2,0,0,1,2,0,0,0,0,,,
maple-tree-fall-2025-09-10-1930-wasted-talent,3,Joel,4,4,3,3,0,0,0,2,3,0,0,0,0,,,
maple-tree-fall-2025-09-10-1930-wasted-talent,4,JJ,5,5,3,3,0,0,0,0,3,0,1,0,0,,,
maple-tree-fall-2025-09-10-1930-wasted-talent,5,Glove,5,4,3,1,0,0,2,7,4,1,0,0,0,,,
maple-tree-fall-2025-09-10-1930-wasted-talent,6,Kives,5,5,3,2,0,1,0,0,2,0,0,0,0,,,
maple-tree-fall-2025-09-10-1930-wasted-talent,7,Duff,5,5,3,3,0,0,0,2,2,0,0,0,1,,,
maple-tree-fall-2025-09-10-1930-wasted-talent,8,Snaxx,5,4,1,1,0,0,0,0,1,1,0,0,0,,,
maple-tree-fall-2025-09-10-1930-wasted-talent,9,Corey,4,2,1,1,0,0,0,2,1,1,0,1,0,,,
maple-tree-fall-2025-09-10-1930-wasted-talent,10,Jason,4,3,1,1,0,0,0,0,2,1,0,0,0,,,
maple-tree-fall-2025-09-10-1930-wasted-talent,11,Walsh,5,5,1,1,0,0,0,1,0,0,0,0,0,,,
maple-tree-fall-2025-09-24-1830-bullseyes,1,Kives,5,5,5,2,1,1,1,6,3,0,0,0,0,,,
maple-tree-fall-2025-09-24-1830-bullseyes,2,Glove,5,4,4,3,1,0,0,0,4,1,0,0,0,,,
maple-tree-fall-2025-09-24-1830-bullseyes,3,Tristan,5,4,2,0,1,0,1,5,4,1,0,0,2,,,
maple-tree-fall-2025-09-24-1830-bullseyes,4,JJ,5,2,2,2,0,0,0,0,3,3,0,0,0,,,
maple-tree-fall-2025-09-24-1830-bullseyes,5,Corey,4,4,2,1,1,0,0,2,0,0,0,0,0,,,
maple-tree-fall-2025-09-24-1830-bullseyes,6,Porter,4,3,2,2,0,0,0,0,1,1,0,0,0,,,
maple-tree-fall-2025-09-24-1830-bullseyes,7,Snaxx,5,5,1,1,0,0,0,2,1,0,0,0,0,,,
maple-tree-fall-2025-09-24-1830-bullseyes,8,Joel,4,4,1,1,0,0,0,0,0,0,0,0,0,,,
maple-tree-fall-2025-09-24-1830-bullseyes,9,Duff,5,5,1,1,0,0,0,1,0,0,0,0,0,,,
maple-tree-fall-2025-09-24-1830-bullseyes,10,Jason,4,4,0,0,0,0,0,0,0,0,0,0,0,,,
maple-tree-fall-2025-09-24-1930-bullseyes,1,Kives,3,3,3,1,0,0,2,2,2,0,0,0,0,,,
maple-tree-fall-2025-09-24-1930-bullseyes,2,Glove,4,4,2,1,0,0,1,3,1,0,0,0,0,,,
maple-tree-fall-2025-09-24-1930-bullseyes,3,Duff,3,3,2,1,1,0,0,0,0,0,0,0,0,,,
maple-tree-fall-2025-09-24-1930-bullseyes,4,Joel,3,3,1,1,0,0,0,0,1,0,0,0,0,,,
maple-tree-fall-2025-09-24-1930-bullseyes,5,Tristan,3,3,1,0,0,0,1,2,1,0,0,0,1,,,
maple-tree-fall-2025-09-24-1930-bullseyes,6,Corey,3,2,1,1,0,0,0,0,1,1,1,0,0,,,
maple-tree-fall-2025-09-24-1930-bullseyes,7,Jason,3,3,1,1,0,0,0,0,1,0,0,0,0,,,
maple-tree-fall-2025-09-24-1930-bullseyes,8,Snaxx,3,2,0,0,0,0,0,0,0,1,0,0,0,,,
maple-tree-fall-2025-09-24-1930-bullseyes,9,JJ,4,2,0,0,0,0,0,0,1,2,0,0,0,,,
maple-tree-fall-2025-09-24-1930-bullseyes,10,Porter,3,3,0,0,0,0,0,0,0,0,0,0,0,,,
maple-tree-fall-2025-10-01-2030-yard-goats,1,Glove,4,3,3,3,0,0,0,2,2,1,0,0,0,,,
maple-tree-fall-2025-10-01-2030-yard-goats,2,JJ,4,4,2,1,1,0,0,3,0,0,0,0,0,,,
maple-tree-fall-2025-10-01-2030-yard-goats,3,Corey,3,3,2,1,1,0,0,1,2,0,0,0,0,,,
maple-tree-fall-2025-10-01-2030-yard-goats,4,Jason,3,2,2,2,0,0,0,2,2,1,0,0,0,,,
maple-tree-fall-2025-10-01-2030-yard-goats,5,Duff,3,3,2,0,2,0,0,0,1,0,0,0,0,,,
maple-tree-fall-2025-10-01-2030-yard-goats,6,Joel,3,3,1,1,0,0,0,0,1,0,1,0,0,,,
maple-tree-fall-2025-10-01-2030-yard-goats,7,Tristan,3,3,1,0,0,0,1,2,1,0,0,0,0,,,
maple-tree-fall-2025-10-01-2030-yard-goats,8,Kives,3,3,1,1,0,0,0,0,0,0,0,0,0,,,
maple-tree-fall-2025-10-01-2030-yard-goats,9,Slomka,3,2,1,0,1,0,0,1,2,1,0,0,0,,,
maple-tree-fall-2025-10-01-2030-yard-goats,10,Walsh,3,3,1,0,1,0,0,0,0,0,0,0,0,,,
maple-tree-fall-2025-10-01-2130-yard-goats,1,Glove,5,5,5,1,1,0,3,8,5,0,0,0,0,,,
maple-tree-fall-2025-10-01-2130-yard-goats,2,JJ,5,5,4,1,2,1,0,1,2,0,0,0,0,,,
maple-tree-fall-2025-10-01-2130-yard-goats,3,Kives,4,4,4,2,0,1,1,4,2,0,0,0,0,,,
maple-tree-fall-2025-10-01-2130-yard-goats,4,Tristan,5,5,3,2,0,1,0,2,2,0,1,0,0,,,
maple-tree-fall-2025-10-01-2130-yard-goats,5,Joel,4,4,2,2,0,0,0,2,2,0,0,0,1,,,
maple-tree-fall-2025-10-01-2130-yard-goats,6,Corey,4,4,2,1,1,0,0,0,1,0,1,0,0,,,
maple-tree-fall-2025-10-01-2130-yard-goats,7,Slomka,4,3,2,0,2,0,0,1,3,0,0,1,1,,,
maple-tree-fall-2025-10-01-2130-yard-goats,8,Snaxx,4,2,1,1,0,0,0,0,2,2,0,0,0,,,
maple-tree-fall-2025-10-01-2130-yard-goats,9,Jason,4,3,1,0,1,0,0,2,2,1,1,0,0,,,
maple-tree-fall-2025-10-01-2130-yard-goats,10,Walsh,4,4,1,0,0,1,0,1,0,0,1,0,0,,,
maple-tree-fall-2025-10-01-2130-yard-goats,11,Duff,4,3,0,0,0,0,0,0,0,1,0,0,0,,,
maple-tree-fall-2025-10-15-1830-bullseyes,1,Glove,4,4,4,2,1,1,0,0,3,0,0,0,0,,,
maple-tree-fall-2025-10-15-1830-bullseyes,2,Tristan,4,4,3,2,0,0,1,4,2,0,0,0,0,,,
maple-tree-fall-2025-10-15-1830-bullseyes,3,Duff,4,4,3,3,0,0,0,0,1,0,0,0,0,,,
maple-tree-fall-2025-10-15-1830-bullseyes,4,Snaxx,4,4,2,2,0,0,0,1,0,0,1,0,1,,,
maple-tree-fall-2025-10-15-1830-bullseyes,5,Bruns,4,4,2,0,0,0,2,6,2,0,1,0,0,,,
maple-tree-fall-2025-10-15-1830-bullseyes,6,Kives,4,2,2,0,1,0,1,2,3,1,0,1,0,,,
maple-tree-fall-2025-10-15-1830-bullseyes,7,JJ,4,3,1,1,0,0,0,0,2,1,1,0,0,,,
maple-tree-fall-2025-10-15-1830-bullseyes,8,Corey,4,3,1,1,0,0,0,0,0,1,1,0,0,,,
maple-tree-fall-2025-10-15-1830-bullseyes,9,Porter,4,3,1,1,0,0,0,0,0,1,1,0,0,,,
maple-tree-fall-2025-10-15-1830-bullseyes,10,Joel,4,3,0,0,0,0,0,0,0,1,0,0,1,,,
maple-tree-fall-2025-10-15-1830-bullseyes,11,Jason,3,3,0,0,0,0,0,0,0,0,0,0,0,,,
maple-tree-spring-2026-04-22-1830-soft-ballz,1,Glove,3,3,2,1,0,0,1,4,2,0,0,0,1,,,
maple-tree-spring-2026-04-22-1830-soft-ballz,2,Tristan,3,3,2,0,0,0,2,3,2,0,0,0,0,,,
maple-tree-spring-2026-04-22-1830-soft-ballz,3,Snaxx,2,2,1,1,0,0,0,0,0,0,0,0,0,,,
maple-tree-spring-2026-04-22-1830-soft-ballz,4,Joel,2,2,1,1,0,0,0,0,1,0,1,0,0,,,
maple-tree-spring-2026-04-22-1830-soft-ballz,5,Walsh,2,2,1,1,0,0,0,0,0,0,0,0,0,,,
maple-tree-spring-2026-04-22-1830-soft-ballz,6,Duff,2,1,1,1,0,0,0,0,2,1,0,0,0,,,
maple-tree-spring-2026-04-22-1830-soft-ballz,7,Corey,2,2,0,0,0,0,0,0,0,0,0,0,0,,,
maple-tree-spring-2026-04-22-1830-soft-ballz,8,Tim,3,3,0,0,0,0,0,0,0,0,0,0,0,,,
maple-tree-spring-2026-04-22-1830-soft-ballz,9,Porter,2,2,0,0,0,0,0,0,0,0,0,0,0,,,
maple-tree-spring-2026-04-22-1830-soft-ballz,10,Kives,2,2,0,0,0,0,0,0,0,0,0,0,0,,,
maple-tree-spring-2026-04-22-1830-soft-ballz,11,JJ,3,1,0,0,0,0,0,0,0,2,0,0,0,,,
maple-tree-spring-2026-04-22-1930-soft-ballz,1,Tim,5,5,4,2,2,0,0,2,2,0,0,0,0,,,
maple-tree-spring-2026-04-22-1930-soft-ballz,2,Kives,5,5,4,3,1,0,0,5,2,0,0,0,0,,,
maple-tree-spring-2026-04-22-1930-soft-ballz,3,JJ,5,5,4,2,0,1,1,3,3,0,0,0,0,,,
maple-tree-spring-2026-04-22-1930-soft-ballz,4,Corey,4,3,3,3,0,0,0,0,2,1,0,0,0,,,
maple-tree-spring-2026-04-22-1930-soft-ballz,5,Glove,5,5,3,3,0,0,0,1,3,0,0,0,0,,,
maple-tree-spring-2026-04-22-1930-soft-ballz,6,Porter,4,4,2,2,0,0,0,0,0,0,0,0,0,,,
maple-tree-spring-2026-04-22-1930-soft-ballz,7,Joel,4,4,2,2,0,0,0,0,1,0,1,0,0,,,
maple-tree-spring-2026-04-22-1930-soft-ballz,8,Tristan,5,2,2,1,0,0,1,3,3,2,0,1,0,,,
maple-tree-spring-2026-04-22-1930-soft-ballz,9,Snaxx,4,4,1,1,0,0,0,0,0,0,0,0,0,,,
maple-tree-spring-2026-04-22-1930-soft-ballz,10,Walsh,4,4,1,1,0,0,0,2,0,0,0,0,1,,,
maple-tree-spring-2026-04-22-1930-soft-ballz,11,Duff,4,4,1,1,0,0,0,1,1,0,0,0,0,,,
maple-tree-spring-2026-04-29-1830-bullseyes,1,Tristan,3,3,2,1,0,0,1,2,2,0,0,0,1,0,,Lineup spot reflects screenshot order; GameChanger view was sorted by hits.
maple-tree-spring-2026-04-29-1830-bullseyes,2,Tim,3,3,1,0,0,0,1,2,1,0,0,0,1,0,,Lineup spot reflects screenshot order; GameChanger view was sorted by hits.
maple-tree-spring-2026-04-29-1830-bullseyes,3,Porter,2,2,1,1,0,0,0,0,0,0,0,0,0,0,,Lineup spot reflects screenshot order; GameChanger view was sorted by hits.
maple-tree-spring-2026-04-29-1830-bullseyes,4,Kives,3,3,1,1,0,0,0,1,0,0,0,0,0,0,,Lineup spot reflects screenshot order; GameChanger view was sorted by hits.
maple-tree-spring-2026-04-29-1830-bullseyes,5,Glove,3,3,1,1,0,0,0,0,0,0,0,0,0,0,,Lineup spot reflects screenshot order; GameChanger view was sorted by hits.
maple-tree-spring-2026-04-29-1830-bullseyes,6,JJ,3,3,1,1,0,0,0,0,1,0,0,0,0,0,,Lineup spot reflects screenshot order; GameChanger view was sorted by hits.
maple-tree-spring-2026-04-29-1830-bullseyes,7,Slomka,2,2,0,0,0,0,0,0,0,0,0,0,1,0,,Lineup spot reflects screenshot order; GameChanger view was sorted by hits.
maple-tree-spring-2026-04-29-1830-bullseyes,8,Corey,2,2,0,0,0,0,0,0,0,0,0,0,2,0,,Lineup spot reflects screenshot order; GameChanger view was sorted by hits.
maple-tree-spring-2026-04-29-1830-bullseyes,9,Joel,2,2,0,0,0,0,0,0,0,0,0,0,0,0,,Lineup spot reflects screenshot order; GameChanger view was sorted by hits.
maple-tree-spring-2026-04-29-1830-bullseyes,10,Walsh,2,1,0,0,0,0,0,0,0,1,0,0,0,0,,Lineup spot reflects screenshot order; GameChanger view was sorted by hits.
maple-tree-spring-2026-04-29-1830-bullseyes,11,Duff,2,1,0,0,0,0,0,0,1,1,0,0,0,0,,Lineup spot reflects screenshot order; GameChanger view was sorted by hits.
maple-tree-spring-2026-04-29-1930-bullseyes,1,Glove,5,5,4,2,2,0,0,5,3,0,0,0,0,0,,Lineup spot reflects screenshot order; GameChanger view was sorted by hits.
maple-tree-spring-2026-04-29-1930-bullseyes,2,Tim,5,4,3,2,0,0,1,4,2,1,0,0,0,0,,Lineup spot reflects screenshot order; GameChanger view was sorted by hits.
maple-tree-spring-2026-04-29-1930-bullseyes,3,Porter,4,3,3,3,0,0,0,0,3,1,0,0,0,0,,Lineup spot reflects screenshot order; GameChanger view was sorted by hits.
maple-tree-spring-2026-04-29-1930-bullseyes,4,Joel,4,3,3,1,0,0,2,7,3,1,0,0,0,0,,Lineup spot reflects screenshot order; GameChanger view was sorted by hits.
maple-tree-spring-2026-04-29-1930-bullseyes,5,Jason,4,4,3,3,0,0,0,1,3,0,0,0,0,0,,Lineup spot reflects screenshot order; GameChanger view was sorted by hits.
maple-tree-spring-2026-04-29-1930-bullseyes,6,Tristan,5,4,3,1,0,0,2,6,3,1,0,0,0,0,,Lineup spot reflects screenshot order; GameChanger view was sorted by hits.
maple-tree-spring-2026-04-29-1930-bullseyes,7,Slomka,4,4,2,2,0,0,0,0,2,0,0,0,0,0,,Lineup spot reflects screenshot order; GameChanger view was sorted by hits.
maple-tree-spring-2026-04-29-1930-bullseyes,8,Corey,4,4,2,2,0,0,0,1,2,0,0,0,1,0,,Lineup spot reflects screenshot order; GameChanger view was sorted by hits.
maple-tree-spring-2026-04-29-1930-bullseyes,9,Walsh,4,3,2,2,0,0,0,1,1,1,0,0,0,0,,Lineup spot reflects screenshot order; GameChanger view was sorted by hits.
maple-tree-spring-2026-04-29-1930-bullseyes,10,JJ,5,3,1,1,0,0,0,0,3,2,2,0,0,0,,Lineup spot reflects screenshot order; GameChanger view was sorted by hits.
maple-tree-spring-2026-04-29-1930-bullseyes,11,Kives,5,5,0,0,0,0,0,0,0,0,0,0,0,0,,Lineup spot reflects screenshot order; GameChanger view was sorted by hits.
maple-tree-spring-2026-04-29-1930-bullseyes,12,Duff,4,4,0,0,0,0,0,0,0,0,0,0,0,0,,Lineup spot reflects screenshot order; GameChanger view was sorted by hits.
